data,numar_1,numar_2,numar_3,numar_4,numar_5,numar_6
1993-08-08,38,17,47,25,30,37
1993-08-15,6,7,30,17,2,42
1993-08-22,44,20,17,3,38,45
1993-08-29,42,30,36,5,4,6
1993-09-05,5,14,7,49,35,19
1993-09-12,42,28,41,15,22,38
1993-09-19,18,4,16,35,2,17
1993-10-03,44,48,34,37,4,41
1993-10-17,13,7,6,45,29,25
1993-10-24,8,22,43,14,34,15
1993-10-31,14,17,47,19,36,12
1993-11-14,48,20,6,43,4,35
1993-11-28,37,36,17,35,15,8
1993-12-12,12,33,41,7,34,43
1993-12-19,49,15,46,25,12,32
1994-01-16,7,20,27,46,2,33
1994-01-23,39,5,6,19,20,2
1994-01-30,14,47,40,26,24,36
1994-02-06,45,10,18,43,35,11
1994-02-13,38,29,49,47,8,3
1994-02-20,16,42,33,4,38,7
1994-03-13,22,39,35,29,44,46
1994-03-20,34,9,10,19,2,47
1994-03-27,11,8,25,13,3,38
1994-04-02,38,49,36,20,19,5
1994-04-10,49,42,11,45,9,23
1994-04-17,23,46,1,35,2,22
1994-04-24,10,41,29,25,18,8
1994-05-01,19,7,16,18,6,49
1994-05-08,15,44,32,21,49,10
1994-05-15,29,32,38,24,11,15
1994-05-22,10,18,23,40,35,33
1994-05-29,37,10,44,27,47,48
1994-06-05,34,7,49,14,47,44
1994-06-12,43,49,4,36,24,26
1994-06-19,46,27,6,31,2,11
1994-06-26,27,14,3,43,22,42
1994-07-03,47,38,36,19,5,35
1994-07-10,41,4,39,13,24,33
1994-07-17,18,29,17,48,47,34
1994-07-24,33,29,31,23,41,6
1994-07-31,29,17,11,14,28,39
1994-08-07,35,16,8,47,46,36
1994-08-14,36,21,5,47,40,33
1994-08-21,25,31,46,39,1,22
1994-08-28,20,45,32,23,18,19
1994-09-04,29,27,44,43,30,46
1994-09-11,28,26,48,37,44,1
1994-09-18,1,15,9,45,44,14
1994-09-25,41,7,48,3,11,16
1994-10-02,5,8,48,2,28,25
1994-10-09,49,39,9,42,37,13
1994-10-16,10,7,45,2,8,20
1994-10-23,48,38,15,45,12,42
1994-10-30,4,33,17,45,13,39
1994-11-06,16,11,12,14,15,38
1994-11-13,28,45,2,7,19,43
1994-11-20,25,23,41,40,27,34
1994-11-27,18,44,1,43,40,9
1994-12-04,3,31,1,28,15,12
1994-12-11,38,13,31,28,19,23
1994-12-18,49,31,10,43,37,12
1995-01-02,25,18,42,36,43,12
1995-01-15,20,44,18,48,19,28
1995-01-22,41,8,37,22,6,5
1995-01-29,41,36,18,23,27,10
1995-02-05,38,12,1,2,44,41
1995-02-12,1,31,16,4,33,18
1995-02-19,23,5,42,18,15,12
1995-03-01,12,49,23,18,5,28
1995-03-05,39,46,35,43,17,16
1995-03-12,36,37,24,48,10,5
1995-03-19,13,25,16,14,49,37
1995-03-26,4,35,39,22,11,46
1995-04-02,19,5,24,9,36,40
1995-04-09,3,22,13,5,35,6
1995-04-16,16,30,11,4,19,46
1995-04-23,34,28,48,32,4,20
1995-04-30,30,46,39,19,35,48
1995-05-07,36,4,12,20,7,39
1995-05-14,32,14,44,34,21,24
1995-05-21,29,43,24,8,17,18
1995-05-28,13,33,16,1,30,36
1995-06-04,42,35,5,26,37,25
1995-06-11,36,15,43,19,16,32
1995-06-18,38,34,9,24,25,36
1995-06-25,20,30,48,29,16,36
1995-07-02,43,47,34,4,8,48
1995-07-09,45,28,43,40,32,29
1995-07-16,31,26,16,10,23,43
1995-07-23,27,31,24,40,7,19
1995-07-30,32,25,21,6,27,14
1995-08-06,16,9,46,41,1,37
1995-08-13,24,33,25,44,42,28
1995-08-20,28,2,30,16,29,10
1995-08-27,45,40,16,6,32,38
1995-09-03,28,35,41,34,20,25
1995-09-10,10,17,28,32,27,35
1995-09-17,22,6,19,3,31,15
1995-09-24,31,7,9,40,26,14
1995-10-01,13,6,21,41,19,15
1995-10-08,45,28,2,34,26,7
1995-10-15,39,3,26,38,11,20
1995-10-22,28,2,43,47,12,19
1995-10-29,8,42,17,12,32,43
1995-11-05,10,12,36,42,18,1
1995-11-12,21,18,15,35,11,7
1995-11-19,21,1,9,16,37,42
1995-11-26,18,45,17,23,9,39
1995-12-03,39,46,40,41,9,23
1995-12-10,41,7,36,33,6,14
1995-12-17,5,14,10,9,3,15
1996-01-02,28,14,24,20,37,33
1996-01-14,4,32,2,20,7,35
1996-01-21,12,14,27,5,19,42
1996-01-28,7,38,43,18,5,12
1996-02-04,11,19,46,20,12,29
1996-02-11,30,16,5,22,15,21
1996-02-18,37,47,14,6,38,45
1996-02-25,19,10,45,17,47,23
1996-03-03,28,48,21,35,16,33
1996-03-10,45,18,12,25,9,22
1996-03-17,22,32,13,46,5,10
1996-03-24,40,34,7,46,41,27
1996-03-31,27,17,40,48,30,44
1996-04-07,25,38,3,9,46,47
1996-04-14,21,38,36,31,15,11
1996-04-21,5,25,42,46,26,15
1996-04-28,25,10,18,8,31,44
1996-05-05,4,14,13,32,35,19
1996-05-12,11,16,22,35,20,23
1996-05-19,14,38,34,49,37,42
1996-05-26,10,29,21,19,31,26
1996-06-02,44,23,49,43,15,16
1996-06-09,1,35,27,9,14,36
1996-06-16,49,40,23,16,26,24
1996-06-23,15,22,19,2,29,31
1996-06-30,33,14,41,2,46,21
1996-07-07,41,8,9,12,2,44
1996-07-14,27,6,9,13,43,18
1996-07-21,36,10,37,16,23,46
1996-07-28,39,32,25,17,9,42
1996-08-04,8,40,48,15,17,14
1996-08-11,14,46,16,49,17,1
1996-08-18,29,28,1,5,48,47
1996-08-25,44,1,25,20,46,34
1996-09-01,36,13,19,15,11,3
1996-09-08,20,39,30,1,32,2
1996-09-15,20,5,1,8,36,7
1996-09-22,18,4,3,37,35,25
1996-09-29,28,4,8,29,32,20
1996-10-06,36,13,47,27,44,7
1996-10-13,27,23,31,34,17,25
1996-10-20,7,2,43,42,13,5
1996-10-27,40,20,17,39,34,9
1996-11-03,16,48,49,45,34,15
1996-11-10,34,22,24,12,10,37
1996-11-17,23,32,46,6,27,14
1996-11-24,3,15,13,35,36,5
1996-12-01,21,45,5,7,37,48
1996-12-08,47,20,3,16,33,35
1996-12-15,31,15,38,46,23,10
1996-12-22,35,48,49,23,14,29
1997-01-02,26,25,23,5,13,35
1997-01-12,2,24,20,18,10,29
1997-01-19,9,43,42,33,12,23
1997-01-26,24,27,23,33,18,29
1997-02-02,17,11,1,20,13,23
1997-02-09,7,48,43,4,17,45
1997-02-16,18,17,28,8,20,5
1997-02-23,39,18,33,15,20,23
1997-03-02,42,36,6,10,17,16
1997-03-09,29,27,37,38,1,12
1997-03-16,12,9,23,46,19,37
1997-03-23,5,13,33,37,16,22
1997-03-30,5,11,28,18,39,27
1997-04-06,5,49,22,8,24,16
1997-04-13,1,41,6,25,31,14
1997-04-20,25,3,8,24,2,27
1997-04-29,1,13,45,20,21,12
1997-05-04,43,33,42,46,17,7
1997-05-11,31,45,16,29,32,28
1997-05-18,20,26,42,36,49,9
1997-05-25,14,15,11,46,41,16
1997-06-01,19,23,32,18,36,15
1997-06-08,26,37,30,27,23,39
1997-06-15,45,17,14,29,39,27
1997-06-22,46,43,9,40,4,34
1997-06-29,38,35,48,9,34,37
1997-07-06,23,16,17,9,15,26
1997-07-13,33,32,9,1,42,3
1997-07-20,14,28,10,24,2,11
1997-07-27,4,44,20,10,7,11
1997-08-03,24,42,2,30,26,28
1997-08-10,2,48,9,34,42,8
1997-08-17,46,37,3,43,34,30
1997-08-24,46,13,48,29,39,3
1997-08-31,38,49,22,34,46,14
1997-09-07,19,46,13,9,15,14
1997-09-14,40,21,47,2,31,45
1997-09-21,20,26,43,17,41,38
1997-09-28,43,17,22,20,34,23
1997-10-05,25,19,12,45,49,5
1997-10-12,48,1,43,32,26,24
1997-10-19,41,42,13,4,3,49
1997-10-26,26,10,4,36,25,46
1997-11-02,30,1,46,28,48,45
1997-11-09,30,3,37,5,20,2
1997-11-16,31,22,29,13,15,21
1997-11-23,38,6,34,35,15,46
1997-11-30,30,1,42,3,18,49
1997-12-07,4,16,39,29,45,11
1997-12-14,27,42,31,6,9,21
1997-12-21,24,12,46,6,26,27
1998-01-04,17,23,5,35,34,24
1998-01-11,27,32,20,28,29,12
1998-01-18,16,33,21,8,23,43
1998-01-25,26,46,1,27,30,13
1998-02-01,23,10,48,44,19,18
1998-02-08,42,2,4,21,1,29
1998-02-15,5,33,36,31,39,46
1998-02-22,24,35,23,7,15,38
1998-03-01,17,34,11,2,45,30
1998-03-08,33,14,49,46,36,45
1998-03-15,49,35,33,24,36,43
1998-03-22,4,48,27,26,30,44
1998-03-29,39,13,23,4,8,29
1998-04-05,8,7,18,25,41,12
1998-04-12,47,11,25,15,40,7
1998-04-21,9,26,43,5,7,24
1998-04-26,22,1,45,34,15,26
1998-05-03,33,22,49,31,35,10
1998-05-10,43,40,48,5,11,29
1998-05-17,21,44,13,5,9,41
1998-05-24,20,8,43,46,48,26
1998-05-31,11,33,46,15,4,44
1998-06-07,44,32,45,21,31,37
1998-06-14,33,43,5,29,47,21
1998-06-21,16,5,17,13,4,28
1998-06-28,48,30,15,22,5,35
1998-07-05,21,43,17,14,12,11
1998-07-12,16,22,13,20,6,1
1998-07-19,9,18,11,49,21,29
1998-07-26,28,5,8,17,13,24
1998-08-02,39,29,15,33,23,7
1998-08-09,47,29,36,42,25,20
1998-08-16,34,25,3,43,33,6
1998-08-23,15,23,21,29,44,6
1998-08-30,49,18,30,10,22,27
1998-09-06,15,27,35,17,7,44
1998-09-13,22,44,42,10,14,49
1998-09-20,20,3,9,39,24,11
1998-09-27,18,3,26,16,13,5
1998-10-04,40,45,24,33,13,9
1998-10-11,13,18,32,38,46,26
1998-10-18,22,13,42,36,26,38
1998-10-25,31,43,44,13,32,16
1998-11-01,6,19,36,25,2,32
1998-11-08,7,48,17,26,10,15
1998-11-15,13,34,39,28,15,37
1998-11-22,12,37,4,30,46,36
1998-11-29,30,22,19,34,32,15
1998-12-06,25,16,27,33,26,22
1998-12-13,28,8,43,31,18,24
1998-12-20,19,36,48,23,41,29
1999-01-03,13,12,18,38,25,33
1999-01-10,11,36,41,38,43,18
1999-01-17,12,45,25,18,30,21
1999-01-24,37,10,35,41,20,43
1999-01-31,23,28,36,3,2,38
1999-02-07,37,43,38,36,40,20
1999-02-14,35,17,48,45,36,1
1999-02-21,38,40,43,33,32,29
1999-02-28,10,15,3,43,37,28
1999-03-07,13,26,45,2,11,31
1999-03-14,48,24,29,23,7,32
1999-03-21,47,9,41,2,30,10
1999-03-28,30,17,49,27,3,5
1999-04-04,11,31,35,18,7,22
1999-04-13,17,26,1,29,6,10
1999-04-18,49,29,45,31,39,26
1999-04-25,8,42,6,47,2,20
1999-05-02,3,24,27,29,26,23
1999-05-09,24,2,13,30,26,27
1999-05-16,36,33,26,3,10,14
1999-05-23,26,33,38,30,3,23
1999-05-30,44,20,25,16,31,24
1999-06-06,23,17,9,44,11,31
1999-06-13,49,26,24,19,11,15
1999-06-20,18,6,32,30,24,40
1999-06-27,49,27,26,41,16,31
1999-07-04,12,13,15,38,43,34
1999-07-11,24,8,10,13,28,44
1999-07-18,14,20,24,9,4,39
1999-07-25,16,20,39,49,28,22
1999-08-01,48,25,2,22,31,43
1999-08-08,21,34,18,32,35,10
1999-08-15,30,27,9,40,44,7
1999-08-22,49,16,6,43,36,9
1999-08-29,14,23,22,30,6,15
1999-09-05,12,46,49,47,35,45
1999-09-12,46,17,8,26,15,23
1999-09-19,33,37,19,47,22,26
1999-09-26,49,46,26,12,22,39
1999-10-03,13,19,33,42,3,28
1999-10-10,18,24,17,46,41,12
1999-10-17,45,48,33,5,9,15
1999-10-24,35,47,6,20,5,45
1999-10-31,27,38,34,11,5,47
1999-11-07,36,40,8,33,5,49
1999-11-14,25,47,43,6,18,20
1999-11-21,6,23,2,43,13,40
1999-11-28,31,10,39,11,35,29
1999-12-05,18,38,41,33,6,7
1999-12-12,39,38,26,24,18,16
1999-12-19,31,37,32,38,22,13
1999-12-26,12,32,4,30,41,33
2000-01-02,13,8,15,2,1,37
2000-01-09,33,29,39,17,41,13
2000-01-16,16,7,22,13,1,6
2000-01-23,46,41,17,6,29,2
2000-01-30,14,4,13,34,12,40
2000-02-06,8,12,42,6,20,29
2000-02-13,2,47,23,48,33,8
2000-02-20,23,44,6,5,45,11
2000-02-27,23,12,36,38,41,17
2000-03-05,8,48,28,23,7,17
2000-03-12,36,49,16,2,47,19
2000-03-19,23,37,42,47,21,48
2000-03-26,30,11,23,1,6,43
2000-04-02,5,10,25,18,35,27
2000-04-09,3,31,22,35,40,18
2000-04-16,43,34,7,30,28,3
2000-04-23,3,20,45,42,11,31
2000-04-30,19,30,33,31,1,41
2000-05-07,30,37,33,34,29,16
2000-05-14,5,4,27,3,41,37
2000-05-21,25,28,39,40,17,37
2000-05-28,12,6,46,37,47,17
2000-06-04,49,23,13,10,8,38
2000-06-11,45,7,36,24,21,25
2000-06-18,48,9,32,20,17,6
2000-06-25,4,3,13,31,34,49
2000-07-02,29,43,36,4,30,47
2000-07-09,11,16,27,3,45,4
2000-07-16,11,40,47,22,9,48
2000-07-23,4,23,20,2,14,43
2000-07-30,45,23,16,35,24,1
2000-08-06,12,18,29,49,9,11
2000-08-13,35,47,26,16,18,48
2000-08-20,34,35,25,2,8,10
2000-08-27,1,36,38,29,15,21
2000-09-03,33,22,3,2,34,11
2000-09-10,17,29,14,46,11,23
2000-09-17,4,12,47,26,11,17
2000-09-24,20,18,10,38,22,41
2000-10-01,15,33,23,9,47,24
2000-10-08,30,25,1,5,18,9
2000-10-15,13,4,11,8,9,27
2000-10-22,15,14,36,21,11,9
2000-10-29,44,9,7,34,33,29
2000-11-05,23,32,37,27,46,39
2000-11-12,37,20,21,32,6,44
2000-11-19,3,46,26,36,17,10
2000-11-26,46,36,47,6,25,38
2000-12-03,31,47,29,40,7,5
2000-12-10,17,36,45,47,19,10
2000-12-17,27,21,31,4,19,35
2000-12-24,13,16,34,15,17,9
2001-01-02,16,46,18,15,25,31
2001-01-07,18,47,45,20,9,39
2001-01-14,30,7,2,32,49,12
2001-01-21,40,14,13,26,19,32
2001-01-28,7,11,20,10,32,21
2001-02-04,14,24,39,21,36,43
2001-02-11,39,15,20,16,21,19
2001-02-18,34,6,32,29,4,19
2001-02-25,32,4,1,40,38,25
2001-03-04,8,38,27,16,19,40
2001-03-11,42,7,14,15,21,12
2001-03-18,22,36,2,41,1,9
2001-03-25,9,26,7,39,18,15
2001-04-01,43,32,30,16,48,15
2001-04-08,43,44,36,23,34,21
2001-04-15,5,6,9,44,8,34
2001-04-22,6,36,14,18,19,21
2001-04-29,46,38,12,41,30,10
2001-05-06,34,17,44,13,47,12
2001-05-13,24,33,3,37,26,32
2001-05-20,3,41,47,14,23,8
2001-05-27,19,47,28,38,29,9
2001-06-03,10,3,9,39,12,14
2001-06-10,19,22,16,17,42,33
2001-06-17,12,24,28,44,17,39
2001-06-24,43,44,48,3,46,41
2001-07-01,49,17,41,13,27,8
2001-07-08,18,42,8,23,21,22
2001-07-15,1,42,36,29,25,30
2001-07-22,30,40,42,22,19,13
2001-07-29,12,2,47,23,34,32
2001-08-05,30,43,22,13,49,32
2001-08-12,45,26,47,22,18,17
2001-08-19,34,41,33,47,23,35
2001-08-26,27,16,10,21,22,38
2001-09-02,2,1,13,42,25,3
2001-09-09,6,8,40,41,43,9
2001-09-16,26,23,29,41,15,39
2001-09-23,28,33,18,16,45,9
2001-09-30,35,47,40,37,15,39
2001-10-07,18,15,33,41,49,46
2001-10-14,31,45,44,27,20,42
2001-10-21,44,45,29,1,37,21
2001-10-28,41,18,33,39,35,28
2001-11-04,4,23,32,10,30,13
2001-11-11,2,37,1,33,40,23
2001-11-18,16,21,23,25,15,3
2001-11-25,39,22,49,33,40,30
2001-12-02,43,25,16,30,32,27
2001-12-09,46,4,24,22,2,40
2001-12-16,23,34,48,42,33,19
2001-12-23,29,40,8,2,22,1
2002-01-02,14,18,29,47,28,6
2002-01-06,26,39,6,25,14,16
2002-01-13,10,31,33,43,45,41
2002-01-20,24,29,35,5,43,30
2002-01-27,13,49,47,15,5,35
2002-02-03,4,30,39,14,20,42
2002-02-10,43,32,39,42,36,14
2002-02-17,22,36,47,34,16,3
2002-02-24,32,6,17,36,30,27
2002-03-03,38,49,48,32,26,24
2002-03-10,11,27,41,14,7,22
2002-03-17,5,34,47,45,9,1
2002-03-24,44,10,21,37,36,24
2002-03-31,24,47,32,33,44,22
2002-04-07,47,13,4,44,39,29
2002-04-14,14,48,5,9,11,34
2002-04-21,22,21,25,2,1,49
2002-04-28,38,3,6,12,43,40
2002-05-05,7,35,48,47,40,17
2002-05-12,44,45,36,32,33,28
2002-05-19,1,42,7,4,9,10
2002-05-26,47,19,38,1,48,21
2002-06-02,2,27,19,6,10,30
2002-06-09,31,25,29,10,20,24
2002-06-16,33,45,22,39,14,27
2002-06-23,41,47,12,5,31,18
2002-06-30,34,27,33,48,41,49
2002-07-07,6,36,1,18,34,33
2002-07-14,29,5,21,6,10,38
2002-07-21,41,5,28,39,47,9
2002-07-28,1,20,36,11,3,28
2002-08-04,29,21,14,32,46,23
2002-08-11,6,48,9,12,36,10
2002-08-18,44,28,47,15,7,38
2002-08-25,19,18,28,8,22,31
2002-09-01,4,16,37,20,1,43
2002-09-08,31,48,45,47,6,17
2002-09-15,36,15,14,8,38,12
2002-09-22,33,7,43,29,13,37
2002-09-29,21,14,3,44,4,24
2002-10-06,27,35,7,20,6,24
2002-10-13,48,38,25,6,37,22
2002-10-20,15,30,44,17,5,48
2002-10-27,38,15,44,13,11,41
2002-11-03,27,46,11,17,49,21
2002-11-10,24,22,9,47,8,38
2002-11-17,6,44,27,29,24,47
2002-11-24,27,24,7,17,34,4
2002-12-01,30,24,32,37,16,3
2002-12-08,8,2,5,14,10,25
2002-12-15,15,32,11,38,18,41
2002-12-22,6,47,44,11,22,8
2002-12-31,8,42,32,41,16,3
2003-01-12,38,8,23,24,27,1
2003-01-19,45,2,30,24,23,28
2003-01-26,38,36,16,26,18,41
2003-02-02,35,26,49,45,40,22
2003-02-09,31,6,37,18,10,16
2003-02-16,7,26,47,48,24,33
2003-02-23,12,19,23,37,42,14
2003-03-02,9,18,46,6,10,28
2003-03-09,20,38,15,33,30,8
2003-03-16,33,28,13,31,45,18
2003-03-23,43,14,19,31,15,18
2003-03-30,29,31,46,3,2,21
2003-04-06,29,28,7,12,43,40
2003-04-13,39,12,5,19,41,38
2003-04-20,2,38,23,48,8,12
2003-04-27,26,45,13,39,35,11
2003-05-04,10,48,32,47,13,44
2003-05-11,8,13,14,9,22,21
2003-05-18,15,2,8,9,44,36
2003-05-25,2,20,29,47,4,12
2003-06-01,29,33,16,14,1,48
2003-06-08,14,30,13,38,39,9
2003-06-15,17,41,44,34,30,24
2003-06-22,14,37,46,38,27,10
2003-06-29,12,15,18,33,45,40
2003-07-06,36,25,20,12,48,43
2003-07-13,45,15,20,22,41,25
2003-07-20,5,4,24,34,9,8
2003-07-27,33,30,2,23,32,17
2003-08-03,48,1,14,17,12,44
2003-08-10,14,49,47,6,24,39
2003-08-17,30,23,15,9,5,48
2003-08-24,7,5,4,40,48,28
2003-08-31,29,24,40,38,17,33
2003-09-07,47,2,5,1,45,15
2003-09-14,36,9,4,41,28,13
2003-09-21,46,14,16,2,22,19
2003-09-28,46,49,1,17,42,23
2003-10-05,27,42,3,13,46,38
2003-10-12,43,28,9,24,2,18
2003-10-19,16,13,24,43,26,4
2003-10-26,14,48,20,37,38,5
2003-11-02,6,40,46,45,30,29
2003-11-09,40,18,46,22,41,45
2003-11-16,18,2,3,33,27,21
2003-11-23,19,17,27,3,31,15
2003-11-30,4,32,9,29,11,10
2003-12-07,12,45,42,27,23,20
2003-12-14,27,42,44,24,41,2
2003-12-21,36,17,8,37,44,20
2004-01-04,3,2,35,45,37,31
2004-01-11,32,36,28,11,24,25
2004-01-18,34,12,11,26,42,13
2004-01-25,6,20,9,10,49,43
2004-02-01,14,42,37,40,31,6
2004-02-08,5,33,3,48,6,15
2004-02-15,38,6,31,33,8,7
2004-02-22,12,7,32,10,13,22
2004-02-29,23,10,13,17,30,20
2004-03-07,40,47,27,34,16,8
2004-03-14,26,21,41,36,44,12
2004-03-21,34,3,39,4,27,37
2004-03-28,17,10,46,11,13,19
2004-04-04,38,45,5,15,24,1
2004-04-11,28,9,24,17,5,12
2004-04-18,35,12,42,44,14,40
2004-04-25,13,15,6,29,3,11
2004-05-02,31,39,32,6,49,46
2004-05-09,11,9,6,32,41,38
2004-05-16,33,8,43,24,7,36
2004-05-23,24,44,27,5,41,6
2004-05-30,23,19,36,21,37,38
2004-06-06,30,1,7,20,28,29
2004-06-13,10,23,37,12,14,9
2004-06-20,3,49,48,27,28,2
2004-06-27,37,13,32,31,49,29
2004-07-04,36,4,12,17,8,5
2004-07-11,18,17,36,5,11,23
2004-07-18,32,3,46,36,27,13
2004-07-25,30,26,44,5,14,8
2004-08-01,27,49,32,6,48,25
2004-08-08,9,44,19,37,25,2
2004-08-15,43,13,32,31,22,1
2004-08-22,20,9,12,41,27,42
2004-08-29,40,32,23,30,49,1
2004-09-05,16,28,4,26,1,34
2004-09-12,48,20,49,2,3,19
2004-09-19,27,43,42,1,3,28
2004-09-26,8,36,37,11,29,48
2004-10-03,42,29,6,13,44,22
2004-10-10,28,10,46,40,25,24
2004-10-17,44,14,10,3,22,16
2004-10-24,17,19,44,23,26,16
2004-10-31,29,7,46,12,6,11
2004-11-07,31,37,17,49,29,43
2004-11-14,33,29,40,21,16,11
2004-11-21,4,30,2,49,34,32
2004-11-28,30,45,24,26,36,19
2004-12-05,15,11,23,22,26,12
2004-12-12,29,14,43,7,36,4
2004-12-19,28,16,15,26,44,36
2005-01-02,4,35,34,1,30,9
2005-01-09,11,6,17,3,49,31
2005-01-16,30,19,48,42,17,13
2005-01-23,29,12,21,46,33,5
2005-01-30,3,34,5,39,21,16
2005-02-06,29,20,26,25,24,48
2005-02-13,41,46,36,14,17,21
2005-02-20,46,21,39,2,24,30
2005-02-27,12,47,33,4,41,3
2005-03-06,13,24,15,36,10,32
2005-03-13,19,47,22,20,30,48
2005-03-20,37,3,17,32,31,26
2005-03-27,14,16,18,7,35,38
2005-04-03,14,29,24,15,3,22
2005-04-10,9,14,34,44,37,8
2005-04-17,36,4,27,1,39,43
2005-04-24,35,33,32,47,11,29
2005-05-01,3,44,33,12,26,43
2005-05-08,45,15,47,41,28,7
2005-05-15,48,14,41,20,24,17
2005-05-22,48,17,39,43,10,29
2005-05-29,21,31,34,32,47,4
2005-06-05,42,11,17,44,22,3
2005-06-12,4,20,45,30,38,19
2005-06-19,14,49,26,31,36,38
2005-06-26,44,30,23,39,29,34
2005-07-03,41,15,44,3,23,40
2005-07-10,39,2,48,12,20,37
2005-07-17,12,26,1,35,2,19
2005-07-24,45,26,8,1,19,42
2005-07-31,17,40,28,8,1,29
2005-08-07,15,48,12,13,10,11
2005-08-14,34,32,1,16,37,5
2005-08-21,9,28,23,21,16,27
2005-08-28,23,12,14,31,16,1
2005-09-04,13,27,34,29,15,24
2005-09-11,2,28,1,41,20,42
2005-09-18,12,29,6,11,40,36
2005-09-25,45,1,11,3,27,48
2005-10-02,11,46,7,26,8,27
2005-10-09,36,2,37,44,41,22
2005-10-16,36,15,43,7,38,41
2005-10-23,16,29,28,33,6,24
2005-10-30,43,13,29,30,23,18
2005-11-06,24,44,41,5,49,2
2005-11-13,35,17,18,44,26,39
2005-11-20,24,42,13,44,2,9
2005-11-27,35,49,33,8,3,20
2005-12-04,14,29,41,13,46,25
2005-12-11,20,10,4,49,22,7
2005-12-18,15,36,37,1,47,17
2006-01-01,15,41,35,17,7,20
2006-01-08,49,14,33,1,42,34
2006-01-15,13,24,43,28,22,29
2006-01-22,3,37,34,41,43,9
2006-01-29,12,25,49,18,11,6
2006-02-05,25,23,15,48,37,36
2006-02-12,35,43,20,18,39,25
2006-02-19,36,1,31,33,43,46
2006-02-26,43,25,49,32,18,33
2006-03-05,34,12,43,31,5,15
2006-03-12,31,42,46,30,14,44
2006-03-19,30,35,3,42,6,46
2006-03-26,15,27,19,18,11,16
2006-04-02,7,29,3,16,21,34
2006-04-09,34,49,18,17,41,45
2006-04-16,27,39,10,34,19,28
2006-04-23,18,43,30,39,31,20
2006-04-30,37,48,28,45,11,46
2006-05-07,8,28,41,48,26,44
2006-05-14,12,4,45,3,43,25
2006-05-21,34,48,29,36,13,1
2006-05-28,2,30,29,6,23,45
2006-06-04,27,10,19,42,46,12
2006-06-11,20,35,13,10,41,31
2006-06-18,4,13,2,8,24,11
2006-06-25,44,45,10,35,39,28
2006-07-02,39,40,41,38,30,5
2006-07-09,34,13,32,41,18,26
2006-07-16,1,25,36,22,10,11
2006-07-23,5,26,21,28,48,33
2006-07-30,40,47,8,6,29,37
2006-08-06,26,33,23,32,18,13
2006-08-13,2,45,20,48,21,12
2006-08-20,44,36,2,21,9,13
2006-08-27,16,26,31,40,37,33
2006-09-03,20,6,22,48,23,19
2006-09-10,20,34,1,13,30,38
2006-09-17,4,23,21,32,3,37
2006-09-24,29,13,36,22,16,47
2006-10-01,13,19,49,33,39,16
2006-10-08,24,34,16,18,41,2
2006-10-15,35,8,46,41,5,37
2006-10-22,1,35,47,20,25,46
2006-10-29,20,29,34,4,27,9
2006-11-05,25,47,42,43,29,5
2006-11-12,15,41,22,38,18,20
2006-11-19,3,41,35,26,34,21
2006-11-26,17,40,28,29,1,19
2006-12-03,2,4,3,12,29,20
2006-12-10,39,11,48,26,33,30
2006-12-17,46,19,16,48,12,3
2006-12-31,46,29,8,15,36,10
2007-01-07,31,41,37,10,46,25
2007-01-14,39,43,21,9,7,22
2007-01-21,27,30,47,20,48,10
2007-01-28,49,8,26,37,2,36
2007-02-04,28,6,33,8,42,20
2007-02-11,13,7,1,5,11,27
2007-02-18,5,38,35,48,32,15
2007-02-25,5,24,13,28,42,14
2007-03-04,15,41,29,45,17,22
2007-03-11,41,35,13,1,20,12
2007-03-18,5,21,18,45,30,42
2007-03-25,42,44,17,9,23,7
2007-04-01,44,49,43,19,10,21
2007-04-08,10,38,40,45,26,44
2007-04-15,35,28,6,12,15,27
2007-04-22,6,49,16,36,35,17
2007-04-29,31,28,36,48,15,39
2007-05-06,41,12,22,11,30,44
2007-05-13,16,1,44,26,4,19
2007-05-20,36,26,42,1,30,18
2007-05-27,17,13,21,40,25,42
2007-06-03,16,44,5,39,14,15
2007-06-10,48,22,18,20,34,3
2007-06-17,25,10,26,30,5,48
2007-06-24,28,18,11,24,31,39
2007-07-01,29,39,15,14,23,9
2007-07-08,8,41,46,12,4,17
2007-07-15,36,41,44,46,48,10
2007-07-22,24,47,46,30,9,23
2007-07-29,43,19,13,46,38,42
2007-08-05,44,4,38,28,37,35
2007-08-12,42,43,18,47,46,44
2007-08-19,46,34,45,3,19,30
2007-08-26,46,35,42,1,2,34
2007-09-02,45,43,44,9,11,31
2007-09-09,1,25,22,34,11,24
2007-09-16,34,25,41,43,9,5
2007-09-23,45,40,28,25,46,32
2007-09-30,25,41,39,42,20,23
2007-10-07,2,42,31,17,48,12
2007-10-14,30,43,32,24,17,33
2007-10-21,27,42,21,43,11,16
2007-10-28,47,10,15,12,44,23
2007-11-04,28,48,12,41,3,42
2007-11-11,26,2,47,48,5,18
2007-11-18,33,28,21,46,19,10
2007-11-25,15,31,40,21,33,8
2007-12-02,4,23,6,26,9,25
2007-12-09,14,38,46,45,15,20
2007-12-16,16,10,41,29,40,24
2007-12-30,4,15,42,14,12,40
2008-01-06,26,7,48,12,24,11
2008-01-13,33,35,23,12,19,25
2008-01-20,29,40,45,26,4,46
2008-01-27,36,6,47,24,20,2
2008-02-03,29,7,34,45,13,28
2008-02-10,25,9,27,47,2,12
2008-02-17,11,27,35,48,42,31
2008-02-24,32,47,42,29,26,9
2008-03-02,9,35,39,12,46,18
2008-03-09,21,45,29,15,26,27
2008-03-16,27,13,16,35,45,11
2008-03-23,23,1,30,6,20,46
2008-03-30,42,45,43,5,31,46
2008-04-06,5,19,25,47,45,38
2008-04-13,16,17,5,11,26,39
2008-04-20,20,10,38,24,5,19
2008-04-27,19,11,36,35,43,30
2008-05-04,35,4,30,26,47,3
2008-05-11,45,19,16,33,38,26
2008-05-18,28,30,9,22,41,4
2008-05-25,4,9,3,49,39,19
2008-06-01,22,10,31,6,23,8
2008-06-08,17,8,32,25,6,33
2008-06-15,32,26,5,34,19,3
2008-06-22,35,36,25,32,10,48
2008-06-29,41,6,17,21,12,35
2008-07-06,5,19,2,18,7,20
2008-07-13,13,12,3,31,2,37
2008-07-20,7,9,43,47,42,31
2008-07-27,9,20,33,38,41,4
2008-08-03,8,9,48,5,18,46
2008-08-10,7,9,37,35,8,46
2008-08-17,35,46,34,47,41,37
2008-08-24,3,22,21,15,10,41
2008-08-31,38,4,26,12,20,13
2008-09-07,27,18,2,1,39,45
2008-09-14,5,21,34,14,11,35
2008-09-21,38,22,14,37,19,23
2008-09-28,16,17,24,21,48,32
2008-10-05,13,25,8,21,37,44
2008-10-12,1,48,24,4,33,3
2008-10-19,34,13,33,29,7,49
2008-10-26,18,34,32,40,49,46
2008-11-02,6,8,37,27,39,5
2008-11-09,10,22,2,33,45,11
2008-11-16,12,30,36,14,4,45
2008-11-23,5,27,6,8,30,48
2008-11-30,36,14,4,13,1,29
2008-12-07,41,22,13,34,3,27
2008-12-14,49,34,7,8,33,16
2008-12-28,36,39,22,7,8,28
2009-01-18,37,43,41,11,20,7
2009-01-25,14,29,39,5,4,23
2009-02-01,44,21,7,1,41,34
2009-02-08,33,6,25,5,31,49
2009-02-15,15,23,9,5,25,28
2009-02-22,3,9,20,39,15,46
2009-03-01,41,18,11,34,30,21
2009-03-08,48,20,26,24,1,9
2009-03-15,2,38,29,7,48,26
2009-03-22,14,47,21,27,39,45
2009-03-29,44,17,7,35,38,16
2009-04-05,37,15,22,8,36,2
2009-04-12,32,22,3,35,29,17
2009-04-19,38,28,1,2,36,42
2009-04-26,27,48,19,2,39,25
2009-05-03,25,38,34,6,4,15
2009-05-10,38,28,13,14,6,33
2009-05-17,11,24,46,30,38,19
2009-05-24,3,6,27,20,29,48
2009-05-31,12,28,36,24,38,22
2009-06-07,15,44,19,7,37,30
2009-06-14,3,10,24,48,13,47
2009-06-21,25,21,46,26,28,11
2009-06-28,31,10,16,33,38,8
2009-07-02,9,45,10,35,43,13
2009-07-05,44,39,18,2,41,22
2009-07-09,3,19,39,37,6,4
2009-07-12,25,4,6,20,22,44
2009-07-16,42,26,44,9,32,5
2009-07-19,49,27,42,13,21,15
2009-07-23,40,6,3,28,2,42
2009-07-26,36,28,41,27,24,43
2009-07-30,43,13,38,17,28,31
2009-08-02,30,13,46,38,8,33
2009-08-06,49,25,17,36,6,21
2009-08-09,11,20,45,7,26,4
2009-08-13,2,7,39,36,9,33
2009-08-16,44,7,5,47,23,36
2009-08-20,36,6,42,4,8,5
2009-08-23,16,5,18,11,4,9
2009-08-27,36,46,39,43,41,25
2009-08-30,28,46,45,48,30,19
2009-09-03,32,15,3,14,39,43
2009-09-06,2,48,30,44,26,18
2009-09-10,40,19,5,30,3,32
2009-09-13,43,1,33,44,34,31
2009-09-17,27,22,1,14,28,17
2009-09-20,41,43,16,6,22,48
2009-09-24,22,13,6,41,17,43
2009-09-27,3,46,5,2,1,22
2009-10-01,25,28,48,19,30,10
2009-10-04,45,32,1,7,23,44
2009-10-08,39,14,31,38,12,21
2009-10-11,10,48,9,3,27,22
2009-10-15,32,27,33,24,22,12
2009-10-18,37,26,15,49,6,10
2009-10-22,10,9,22,23,25,16
2009-10-25,12,30,39,31,7,46
2009-10-29,1,47,33,35,14,8
2009-11-01,7,35,25,37,31,15
2009-11-05,41,19,40,39,5,4
2009-11-08,36,15,8,23,13,43
2009-11-12,6,38,45,27,15,33
2009-11-15,43,41,37,13,29,47
2009-11-19,25,37,5,27,17,19
2009-11-22,4,34,49,23,40,48
2009-11-26,41,26,38,14,13,32
2009-11-29,32,43,4,46,12,35
2009-12-03,13,1,10,12,19,2
2009-12-06,4,6,13,41,2,44
2009-12-10,4,30,35,10,1,25
2009-12-13,9,41,37,36,39,49
2009-12-17,4,12,18,14,22,37
2009-12-20,47,4,28,39,43,16
2009-12-24,34,42,8,16,13,15
2009-12-31,27,22,35,10,48,23
2010-01-07,46,35,40,27,7,24
2010-01-10,21,17,45,46,18,1
2010-01-14,7,9,47,40,31,17
2010-01-17,37,12,38,14,23,22
2010-01-21,22,25,27,5,1,23
2010-01-24,27,13,34,36,25,48
2010-01-28,7,33,45,3,11,18
2010-01-31,37,9,35,1,42,29
2010-02-04,14,24,33,44,5,16
2010-02-07,47,13,28,41,32,27
2010-02-11,7,43,27,13,17,42
2010-02-14,34,9,28,11,31,21
2010-02-18,24,37,19,16,32,17
2010-02-21,6,9,40,27,24,17
2010-02-25,13,26,5,20,47,43
2010-02-28,17,6,5,49,21,31
2010-03-04,8,5,20,23,16,25
2010-03-07,46,7,12,33,15,26
2010-03-11,6,45,17,34,33,27
2010-03-14,2,26,5,20,12,37
2010-03-18,21,2,24,41,1,12
2010-03-21,29,45,25,7,2,44
2010-03-25,19,7,1,23,44,22
2010-03-28,4,6,8,45,48,39
2010-04-01,15,25,7,19,9,47
2010-04-04,27,15,34,36,7,25
2010-04-08,45,32,36,9,48,31
2010-04-11,49,34,33,10,48,43
2010-04-15,46,12,36,37,35,13
2010-04-18,14,42,37,41,47,49
2010-04-22,44,22,8,29,1,36
2010-04-25,40,3,13,18,16,30
2010-04-29,19,15,43,34,26,22
2010-05-02,14,37,48,44,11,22
2010-05-06,23,7,15,31,43,28
2010-05-09,2,17,1,28,21,44
2010-05-13,37,9,5,24,12,21
2010-05-16,48,23,19,4,29,24
2010-05-20,47,46,3,4,33,8
2010-05-23,13,16,24,22,25,4
2010-05-27,34,30,49,1,15,44
2010-05-30,32,34,7,22,37,31
2010-06-03,13,33,16,25,1,9
2010-06-06,20,7,1,33,19,43
2010-06-10,46,28,17,44,20,22
2010-06-13,3,14,10,47,2,26
2010-06-17,42,36,15,48,35,32
2010-06-20,20,44,45,12,19,9
2010-06-24,44,49,47,30,12,13
2010-06-27,11,46,10,33,5,6
2010-07-01,36,1,34,35,27,38
2010-07-04,12,40,30,29,9,5
2010-07-08,6,43,11,10,7,13
2010-07-11,12,41,31,23,48,44
2010-07-15,26,49,34,1,12,14
2010-07-18,10,42,43,34,45,36
2010-07-22,29,33,6,4,42,12
2010-07-25,14,44,40,30,22,5
2010-07-29,23,42,49,1,41,3
2010-08-01,10,3,31,47,28,38
2010-08-05,14,31,16,24,1,27
2010-08-08,49,41,3,26,7,31
2010-08-12,14,42,37,4,33,20
2010-08-15,40,48,34,19,21,44
2010-08-19,38,14,23,34,17,42
2010-08-22,43,8,32,2,1,27
2010-08-26,6,24,20,9,38,36
2010-08-29,28,21,12,7,23,11
2010-09-02,15,38,45,9,29,28
2010-09-05,25,39,37,20,38,3
2010-09-09,49,35,44,26,7,18
2010-09-12,13,12,33,29,5,17
2010-09-16,5,47,41,13,12,6
2010-09-19,10,27,37,30,16,13
2010-09-23,15,31,30,39,7,25
2010-09-26,2,18,1,42,17,7
2010-09-30,40,48,4,12,30,7
2010-10-03,38,2,5,25,27,11
2010-10-07,39,26,38,5,36,6
2010-10-10,1,26,12,23,44,35
2010-10-14,13,43,6,20,3,23
2010-10-17,29,31,37,36,16,41
2010-10-21,31,45,8,18,38,19
2010-10-24,6,19,40,49,45,30
2010-10-28,5,27,43,22,20,13
2010-10-31,46,18,33,40,7,24
2010-11-04,19,1,22,38,18,39
2010-11-07,20,22,32,36,33,5
2010-11-11,5,8,45,11,22,9
2010-11-14,19,23,12,17,4,16
2010-11-18,29,11,15,7,5,9
2010-11-21,32,39,38,36,27,35
2010-11-25,11,43,2,28,48,42
2010-11-28,32,4,3,45,36,43
2010-12-02,4,39,23,1,5,47
2010-12-05,39,7,21,31,4,9
2010-12-09,25,32,48,31,47,39
2010-12-12,13,33,37,36,34,21
2010-12-16,33,42,43,45,1,37
2010-12-19,15,41,21,33,49,34
2010-12-23,25,19,24,13,14,41
2010-12-31,8,33,36,34,9,5
2010-12-31,42,29,37,5,43,20
2011-01-06,38,7,17,13,25,24
2011-01-09,14,6,13,46,37,9
2011-01-13,41,18,47,29,45,21
2011-01-16,18,12,7,46,4,33
2011-01-20,45,7,9,34,25,11
2011-01-23,36,37,17,4,12,26
2011-01-27,29,9,5,30,27,34
2011-01-30,12,35,29,19,1,23
2011-02-03,31,15,4,35,18,24
2011-02-06,47,46,34,22,26,6
2011-02-10,37,33,29,23,14,30
2011-02-13,31,20,39,22,13,18
2011-02-17,33,21,24,1,28,5
2011-02-20,9,40,18,42,16,32
2011-02-24,8,19,46,31,15,11
2011-02-27,8,33,24,29,7,48
2011-03-03,9,7,26,44,39,35
2011-03-06,7,48,40,37,19,38
2011-03-10,20,9,48,14,12,35
2011-03-13,39,48,1,20,23,21
2011-03-17,18,35,6,36,3,48
2011-03-20,29,34,24,6,14,1
2011-03-24,28,40,27,29,30,9
2011-03-27,29,34,3,4,5,27
2011-03-31,1,31,27,17,4,32
2011-04-03,27,32,18,2,24,28
2011-04-07,4,9,37,8,35,12
2011-04-10,45,33,24,25,29,23
2011-04-14,23,45,2,30,37,13
2011-04-17,16,4,17,38,46,36
2011-04-24,36,34,5,9,6,3
2011-04-24,40,8,39,26,15,7
2011-04-28,12,7,40,23,4,10
2011-05-01,27,18,40,35,32,26
2011-05-05,11,35,4,39,40,38
2011-05-08,18,16,20,5,38,15
2011-05-12,39,2,1,41,11,25
2011-05-15,28,48,33,9,12,14
2011-05-19,23,20,13,3,9,32
2011-05-22,48,49,14,35,39,28
2011-05-26,1,9,7,18,2,29
2011-05-29,13,34,2,6,11,49
2011-06-02,10,19,32,39,35,13
2011-06-05,4,18,8,22,15,48
2011-06-09,34,43,32,39,17,6
2011-06-12,13,5,41,23,16,48
2011-06-16,41,20,2,46,17,10
2011-06-19,40,21,3,45,49,41
2011-06-23,49,38,32,36,10,22
2011-06-26,42,15,10,16,44,14
2011-06-30,44,48,19,42,49,28
2011-07-03,41,39,8,18,1,4
2011-07-07,33,7,20,24,17,14
2011-07-10,15,38,46,41,32,6
2011-07-14,32,40,31,16,12,13
2011-07-17,15,17,37,48,28,27
2011-07-21,10,42,2,20,35,19
2011-07-24,18,26,45,11,32,28
2011-07-28,2,27,15,36,35,30
2011-07-31,15,29,34,33,22,26
2011-08-04,9,32,16,3,11,17
2011-08-07,43,40,4,44,6,49
2011-08-11,42,6,36,45,37,19
2011-08-14,27,22,32,28,15,14
2011-08-18,8,3,11,1,10,36
2011-08-21,25,17,10,44,45,41
2011-08-25,33,18,41,5,38,3
2011-08-28,10,40,43,13,46,27
2011-09-01,21,40,12,25,35,27
2011-09-04,44,7,14,4,20,22
2011-09-08,11,9,26,10,30,6
2011-09-11,43,19,29,12,38,20
2011-09-15,2,31,33,36,1,18
2011-09-18,26,32,29,8,27,37
2011-09-22,31,26,32,38,45,36
2011-09-25,16,14,19,20,25,13
2011-09-29,28,14,16,24,23,42
2011-10-02,39,18,12,30,25,36
2011-10-06,49,6,14,35,24,3
2011-10-09,40,48,8,38,43,4
2011-10-13,42,5,46,2,43,24
2011-10-16,38,12,3,27,24,35
2011-10-20,43,25,31,7,17,39
2011-10-23,25,27,28,14,22,7
2011-10-27,20,49,21,15,19,2
2011-10-30,27,29,36,19,44,25
2011-11-03,45,40,30,37,43,27
2011-11-06,2,17,33,37,34,42
2011-11-10,11,19,13,6,24,48
2011-11-13,34,20,12,45,9,1
2011-11-17,19,22,45,34,48,32
2011-11-20,47,38,31,44,18,39
2011-11-24,48,26,36,5,25,38
2011-11-27,44,12,26,23,45,43
2011-12-01,25,3,14,36,46,2
2011-12-04,47,11,26,41,28,16
2011-12-08,47,41,22,9,33,3
2011-12-11,41,45,37,14,8,5
2011-12-15,15,7,8,40,33,49
2011-12-18,7,38,30,29,28,21
2011-12-22,42,19,22,5,45,23
2011-12-30,17,43,37,40,29,16
2011-12-30,20,28,38,15,48,37
2012-01-05,9,39,23,36,3,22
2012-01-08,49,32,19,47,42,22
2012-01-12,15,21,4,3,5,8
2012-01-15,14,13,39,45,4,32
2012-01-19,9,29,31,39,3,21
2012-01-22,13,18,31,48,24,19
2012-01-26,23,15,4,31,35,47
2012-01-29,20,42,9,24,12,44
2012-02-02,36,8,34,6,5,49
2012-02-05,14,16,33,19,17,49
2012-02-09,38,41,45,44,8,34
2012-02-12,47,28,40,27,9,34
2012-02-16,39,16,9,8,18,26
2012-02-19,16,34,3,12,28,15
2012-02-23,10,40,42,37,26,27
2012-02-26,10,19,1,16,18,14
2012-03-01,49,42,34,10,19,41
2012-03-04,49,24,44,5,22,38
2012-03-08,10,9,14,43,25,35
2012-03-11,25,15,43,35,36,37
2012-03-15,10,11,2,12,49,39
2012-03-18,3,39,33,40,2,17
2012-03-22,20,24,13,11,31,3
2012-03-25,43,24,36,32,12,19
2012-03-29,5,37,11,36,6,39
2012-04-01,7,14,20,37,43,27
2012-04-05,33,39,23,2,12,24
2012-04-08,4,40,13,27,29,16
2012-04-15,38,29,16,8,28,36
2012-04-15,39,5,46,18,32,37
2012-04-19,1,22,18,47,26,32
2012-04-22,46,18,43,8,20,35
2012-04-26,45,20,35,16,43,13
2012-04-29,27,32,34,15,21,1
2012-05-03,33,22,4,42,17,6
2012-05-06,47,37,17,48,7,41
2012-05-10,48,1,46,2,32,26
2012-05-13,17,3,26,21,29,34
2012-05-17,9,23,41,37,43,4
2012-05-20,43,14,42,49,4,28
2012-05-24,11,2,9,10,38,12
2012-05-27,29,39,33,6,5,26
2012-05-31,42,47,23,20,25,5
2012-06-03,46,38,23,15,18,3
2012-06-07,17,5,16,33,32,27
2012-06-10,25,32,20,28,6,30
2012-06-14,12,37,9,41,15,46
2012-06-17,43,12,2,4,8,39
2012-06-21,2,42,45,33,41,28
2012-06-24,20,30,28,8,5,49
2012-06-28,11,15,19,38,21,44
2012-07-01,33,30,10,47,5,49
2012-07-05,21,24,43,20,13,2
2012-07-08,26,35,38,17,5,23
2012-07-12,32,4,40,44,47,22
2012-07-15,32,1,45,41,44,37
2012-07-19,30,13,12,24,15,19
2012-07-22,48,36,24,21,47,37
2012-07-26,1,12,28,38,16,49
2012-07-29,7,22,9,29,2,32
2012-08-02,13,18,47,14,15,7
2012-08-05,28,49,20,22,8,7
2012-08-09,13,46,36,39,21,35
2012-08-12,25,16,18,20,23,46
2012-08-16,38,30,11,7,5,2
2012-08-19,33,37,31,25,28,8
2012-08-23,21,37,34,29,48,7
2012-08-26,23,30,39,14,40,35
2012-08-30,25,46,4,2,24,10
2012-09-02,21,14,26,19,3,28
2012-09-06,2,33,38,6,36,34
2012-09-09,37,32,30,13,18,4
2012-09-16,9,15,25,30,17,6
2012-09-16,22,19,12,28,29,23
2012-09-20,15,24,46,38,33,3
2012-09-23,14,13,17,38,21,7
2012-09-27,13,49,8,17,28,48
2012-09-30,6,37,34,17,9,14
2012-10-04,16,35,21,14,34,45
2012-10-07,28,16,19,36,46,4
2012-10-11,18,49,20,11,30,9
2012-10-14,43,12,24,36,7,16
2012-10-18,42,18,41,7,35,26
2012-10-21,9,24,2,42,25,28
2012-10-25,22,38,29,37,13,25
2012-10-28,37,11,47,44,31,13
2012-11-01,8,4,48,12,29,33
2012-11-04,37,17,32,21,26,27
2012-11-08,16,5,40,45,14,25
2012-11-11,44,35,34,29,36,32
2012-11-15,12,24,8,30,4,40
2012-11-18,22,28,48,39,20,24
2012-11-22,7,33,26,45,38,43
2012-11-25,12,2,28,32,7,25
2012-11-29,18,1,37,34,43,11
2012-12-02,10,32,37,23,45,39
2012-12-06,47,41,23,10,21,45
2012-12-09,40,11,47,31,38,29
2012-12-13,42,21,24,43,44,2
2012-12-16,38,10,3,4,6,17
2012-12-20,14,47,24,2,13,33
2012-12-23,23,14,39,37,46,8
2012-12-30,49,16,29,32,48,42
2012-12-30,6,32,36,46,8,48
2013-01-06,49,24,10,18,27,23
2013-01-10,39,44,27,31,5,25
2013-01-13,47,33,10,16,27,2
2013-01-17,4,42,46,41,26,37
2013-01-20,6,39,42,44,49,38
2013-01-24,36,27,48,2,6,26
2013-01-27,40,18,25,33,39,43
2013-01-31,40,26,32,22,23,36
2013-02-03,45,46,1,34,8,13
2013-02-07,20,42,39,2,25,28
2013-02-10,3,8,38,25,1,14
2013-02-14,3,4,46,9,44,15
2013-02-17,2,12,19,17,45,26
2013-02-21,27,10,7,34,32,9
2013-02-24,1,14,35,41,7,11
2013-02-28,15,8,21,2,18,45
2013-03-03,48,11,31,8,43,21
2013-03-07,17,5,15,31,42,43
2013-03-10,32,46,9,40,17,29
2013-03-14,22,13,24,3,5,34
2013-03-17,27,28,11,8,12,14
2013-03-21,14,2,23,20,47,49
2013-03-24,16,5,33,4,36,20
2013-03-28,4,5,32,10,22,46
2013-03-31,2,7,46,4,6,16
2013-04-04,6,49,24,16,5,9
2013-04-07,21,35,43,5,7,46
2013-04-11,23,10,25,13,44,39
2013-04-14,13,46,31,35,30,12
2013-04-18,19,16,21,39,7,28
2013-04-21,47,38,10,25,20,15
2013-04-25,37,34,26,18,40,11
2013-04-28,12,36,24,16,43,10
2013-05-05,41,2,27,28,30,42
2013-05-05,6,48,34,12,22,38
2013-05-09,38,28,6,2,22,23
2013-05-12,9,29,45,5,3,11
2013-05-16,35,31,7,27,26,19
2013-05-19,48,21,24,4,39,1
2013-05-23,47,8,6,15,11,26
2013-05-26,4,40,34,17,42,49
2013-05-30,7,11,12,10,46,37
2013-06-02,6,34,36,9,26,16
2013-06-06,6,38,47,34,32,14
2013-06-09,24,44,37,45,8,41
2013-06-13,44,20,48,49,1,25
2013-06-16,17,9,44,21,32,35
2013-06-20,41,8,38,21,9,36
2013-06-23,32,39,17,19,5,47
2013-06-27,2,41,29,43,44,48
2013-06-30,16,25,14,36,8,33
2013-07-04,29,38,44,27,18,17
2013-07-07,11,2,34,36,48,8
2013-07-11,27,23,37,4,30,8
2013-07-14,22,49,18,7,47,6
2013-07-18,38,20,25,40,4,3
2013-07-21,22,29,11,9,2,39
2013-07-25,15,7,6,24,34,28
2013-07-28,41,11,9,45,42,19
2013-08-01,41,12,46,15,40,37
2013-08-04,7,4,10,32,46,45
2013-08-08,17,5,25,20,43,23
2013-08-11,13,21,49,3,40,43
2013-08-15,23,46,18,17,47,15
2013-08-18,43,23,25,3,22,17
2013-08-22,15,32,21,7,23,40
2013-08-25,28,30,49,29,34,25
2013-08-29,8,5,36,3,2,41
2013-09-01,26,44,7,16,25,11
2013-09-05,41,10,28,36,27,16
2013-09-08,6,26,13,24,47,34
2013-09-15,44,2,24,15,48,33
2013-09-15,15,39,44,36,19,33
2013-09-19,33,32,37,41,8,45
2013-09-22,4,46,28,30,49,17
2013-09-26,14,49,36,11,35,8
2013-09-29,7,31,35,12,48,44
2013-10-03,21,41,15,1,37,34
2013-10-06,25,36,29,49,47,31
2013-10-10,35,10,3,33,48,34
2013-10-13,17,13,35,9,30,39
2013-10-17,34,26,2,16,36,43
2013-10-20,40,19,11,37,20,6
2013-10-24,32,1,49,40,30,20
2013-10-27,41,36,10,20,17,12
2013-10-31,37,45,4,25,5,6
2013-11-03,39,32,49,24,25,15
2013-11-07,48,17,49,19,32,29
2013-11-10,25,46,15,4,7,22
2013-11-14,43,16,6,29,25,37
2013-11-17,36,44,28,23,25,21
2013-11-21,13,37,32,21,7,33
2013-11-24,1,40,42,47,25,35
2013-11-28,46,26,43,30,38,21
2013-12-01,26,48,8,2,39,25
2013-12-05,46,6,20,45,32,24
2013-12-08,32,40,22,14,9,18
2013-12-12,17,32,49,37,35,41
2013-12-15,8,34,9,35,18,40
2013-12-19,12,10,1,3,47,35
2013-12-22,3,45,22,48,10,13
2013-12-30,28,21,17,23,4,48
2013-12-30,11,34,30,3,9,5
2014-01-05,33,45,25,10,4,48
2014-01-09,2,33,26,24,12,16
2014-01-12,43,24,39,4,32,7
2014-01-16,1,45,43,48,9,21
2014-01-19,34,29,48,30,4,27
2014-01-23,28,29,18,4,17,16
2014-01-26,29,38,6,25,8,34
2014-01-30,6,37,29,32,18,42
2014-02-02,13,37,25,12,30,46
2014-02-06,2,14,12,3,25,17
2014-02-09,1,9,17,20,22,49
2014-02-13,48,14,12,1,17,23
2014-02-16,4,49,29,23,31,1
2014-02-20,10,12,3,48,36,4
2014-02-23,44,16,27,33,31,11
2014-02-27,30,34,38,4,6,27
2014-03-02,24,21,13,37,39,6
2014-03-06,45,36,11,44,42,16
2014-03-09,44,11,22,5,15,47
2014-03-13,1,46,25,27,17,36
2014-03-16,36,8,22,31,44,12
2014-03-20,31,6,34,4,44,49
2014-03-23,23,2,9,18,33,32
2014-03-27,5,23,13,9,2,4
2014-03-30,45,33,40,21,35,5
2014-04-03,10,38,5,7,14,45
2014-04-06,14,6,33,11,5,49
2014-04-10,46,49,13,8,43,47
2014-04-13,15,48,5,8,30,1
2014-04-20,3,45,26,40,47,32
2014-04-20,5,3,44,26,42,9
2014-04-24,18,46,11,41,5,10
2014-04-27,28,38,23,15,35,3
2014-05-01,1,25,20,17,22,4
2014-05-04,44,49,20,30,15,6
2014-05-08,41,14,48,8,6,49
2014-05-11,37,43,6,46,17,7
2014-05-15,35,39,19,47,43,20
2014-05-18,6,19,47,9,31,36
2014-05-22,13,33,40,9,12,36
2014-05-25,43,33,3,44,29,37
2014-05-29,31,8,2,6,10,19
2014-06-01,31,44,35,32,7,43
2014-06-05,8,31,37,49,2,6
2014-06-08,2,22,30,5,41,27
2014-06-12,49,21,17,32,34,11
2014-06-15,17,23,43,1,28,47
2014-06-19,28,40,19,4,41,14
2014-06-22,24,11,14,44,41,16
2014-06-26,25,10,44,27,31,11
2014-06-29,35,18,12,2,17,7
2014-07-03,38,28,31,15,6,32
2014-07-06,39,11,21,13,47,30
2014-07-10,30,34,11,40,33,19
2014-07-13,13,26,33,27,31,21
2014-07-17,44,25,2,29,46,45
2014-07-20,5,12,38,2,14,48
2014-07-24,20,34,15,7,3,17
2014-07-27,48,11,45,12,30,32
2014-07-31,33,28,19,9,17,10
2014-08-03,4,29,47,1,30,43
2014-08-07,23,3,13,25,19,32
2014-08-10,31,37,27,47,22,45
2014-08-14,8,37,13,25,36,21
2014-08-17,15,1,35,17,11,21
2014-08-21,40,32,45,24,48,26
2014-08-24,21,45,19,38,27,18
2014-08-28,21,34,4,49,9,46
2014-08-31,40,33,29,27,13,39
2014-09-04,8,22,48,27,21,16
2014-09-07,28,3,22,45,39,26
2014-09-14,28,11,14,29,13,33
2014-09-14,19,44,22,23,12,32
2014-09-18,26,41,4,46,30,16
2014-09-21,19,42,1,32,33,47
2014-09-25,25,23,38,46,27,5
2014-09-28,11,24,19,4,41,20
2014-10-02,15,49,28,25,23,47
2014-10-05,12,22,15,31,25,32
2014-10-09,41,5,48,43,21,32
2014-10-12,23,49,17,45,32,24
2014-10-16,29,17,1,46,25,31
2014-10-19,13,19,25,1,15,6
2014-10-23,28,47,38,31,9,40
2014-10-26,33,26,49,22,12,2
2014-10-30,45,5,39,30,24,46
2014-11-02,42,39,48,33,24,41
2014-11-06,20,11,16,36,15,49
2014-11-09,4,36,6,46,32,44
2014-11-13,30,42,23,16,8,39
2014-11-16,30,22,17,6,18,28
2014-11-20,40,36,19,2,18,12
2014-11-23,2,11,32,34,38,28
2014-11-27,23,22,36,6,20,33
2014-11-30,12,34,17,16,20,15
2014-12-04,46,29,35,44,2,4
2014-12-07,47,6,28,36,1,20
2014-12-11,34,35,1,5,36,47
2014-12-14,17,49,22,10,45,33
2014-12-18,2,24,39,16,4,10
2014-12-21,40,28,5,12,19,44
2014-12-30,39,36,47,6,1,3
2014-12-30,22,16,47,34,48,20
2015-01-11,45,16,3,9,34,13
2015-01-15,25,23,45,18,11,36
2015-01-18,35,1,15,27,3,14
2015-01-22,41,36,4,15,32,20
2015-01-25,35,5,16,25,36,9
2015-01-29,13,28,46,35,44,39
2015-02-01,10,27,2,41,45,37
2015-02-05,24,8,3,26,21,25
2015-02-08,19,29,5,34,41,2
2015-02-12,9,25,5,35,40,33
2015-02-15,25,28,9,45,34,43
2015-02-19,43,42,18,2,16,15
2015-02-22,40,18,7,29,33,14
2015-02-26,46,25,42,23,26,16
2015-03-01,9,46,34,11,18,35
2015-03-01,21,15,27,37,29,14
2015-03-05,8,48,22,2,41,27
2015-03-08,3,8,11,26,48,46
2015-03-12,16,1,47,25,26,15
2015-03-15,43,17,34,35,47,3
2015-03-19,6,23,7,30,21,46
2015-03-22,46,36,45,7,35,13
2015-03-26,2,45,27,4,38,48
2015-03-29,22,10,4,6,18,9
2015-04-02,11,38,36,1,27,16
2015-04-05,33,5,30,44,4,27
2015-04-09,18,36,32,49,29,6
2015-04-12,15,44,16,19,31,23
2015-04-12,18,25,45,23,27,40
2015-04-16,26,42,45,8,1,5
2015-04-19,32,44,21,38,35,16
2015-04-23,1,18,10,30,17,44
2015-04-26,46,29,30,1,10,2
2015-04-30,43,19,27,11,14,46
2015-05-03,45,8,5,37,19,1
2015-05-07,3,48,14,47,9,16
2015-05-10,4,25,6,17,48,14
2015-05-14,30,21,38,33,8,11
2015-05-17,16,19,48,25,32,10
2015-05-21,34,1,17,10,39,18
2015-05-24,32,25,45,43,40,2
2015-05-28,46,41,12,44,39,22
2015-05-31,14,35,29,8,23,21
2015-06-04,24,38,26,28,7,17
2015-06-07,47,30,45,37,12,17
2015-06-11,32,17,46,5,48,33
2015-06-14,28,23,24,45,10,37
2015-06-18,38,37,1,33,41,15
2015-06-21,11,34,1,7,37,18
2015-06-25,18,37,8,43,26,45
2015-06-28,38,6,36,22,48,47
2015-07-02,36,30,20,4,5,10
2015-07-05,27,4,47,15,10,41
2015-07-09,19,17,5,2,41,28
2015-07-12,45,13,15,32,2,23
2015-07-16,43,48,31,33,24,45
2015-07-19,37,33,10,43,49,40
2015-07-23,16,48,46,36,42,26
2015-07-26,48,43,38,6,10,36
2015-07-30,34,25,44,18,39,24
2015-08-02,1,27,14,23,30,40
2015-08-06,35,16,14,7,46,40
2015-08-09,29,15,21,46,36,18
2015-08-13,16,10,14,24,3,6
2015-08-16,11,8,44,10,46,35
2015-08-20,26,41,38,18,4,36
2015-08-23,16,28,17,43,20,36
2015-08-27,23,5,26,42,17,34
2015-08-30,44,48,1,34,2,25
2015-09-03,15,10,26,9,6,47
2015-09-06,38,3,12,16,28,18
2015-09-13,28,40,3,17,34,49
2015-09-13,22,21,18,17,41,8
2015-09-17,32,3,28,14,8,29
2015-09-20,48,34,20,27,47,2
2015-09-24,49,31,38,44,14,10
2015-09-27,26,1,32,18,12,7
2015-10-01,11,2,38,32,41,30
2015-10-04,31,1,36,39,24,14
2015-10-08,33,18,6,42,37,35
2015-10-11,30,44,27,29,28,45
2015-10-15,14,45,46,9,22,8
2015-10-18,10,17,47,11,12,23
2015-10-22,44,3,24,1,49,2
2015-10-25,31,9,7,17,10,47
2015-10-29,2,12,26,19,37,25
2015-11-01,11,21,20,8,41,34
2015-11-05,45,41,47,42,40,10
2015-11-08,13,16,32,7,10,36
2015-11-12,44,2,13,39,12,19
2015-11-15,29,10,2,30,3,18
2015-11-19,31,3,10,47,25,8
2015-11-22,14,43,23,21,33,16
2015-11-26,21,46,26,32,3,35
2015-11-29,5,28,26,35,12,47
2015-12-03,10,13,37,44,14,46
2015-12-06,26,49,9,20,48,6
2015-12-10,41,1,20,46,36,14
2015-12-13,32,25,11,21,14,38
2015-12-17,46,26,11,19,28,6
2015-12-20,8,18,44,27,2,13
2015-12-30,10,15,18,47,34,48
2015-12-30,8,35,4,28,40,22
2016-01-07,34,26,36,29,11,25
2016-01-10,41,16,14,8,29,47
2016-01-14,45,41,38,46,23,33
2016-01-17,21,20,9,5,2,14
2016-01-21,17,13,5,1,20,9
2016-01-24,43,39,4,28,20,5
2016-01-28,11,35,13,1,33,14
2016-01-31,28,6,49,18,9,36
2016-02-04,42,47,44,45,6,24
2016-02-07,36,29,4,1,45,42
2016-02-11,32,40,9,31,21,28
2016-02-14,23,46,8,11,48,13
2016-02-18,33,5,4,18,16,8
2016-02-21,47,21,1,40,31,39
2016-02-25,15,34,31,37,6,24
2016-02-28,25,4,19,41,20,36
2016-03-03,16,38,19,27,41,45
2016-03-06,29,8,2,34,46,37
2016-03-06,41,14,49,25,2,44
2016-03-10,26,28,44,46,3,45
2016-03-13,3,21,45,19,4,29
2016-03-17,40,13,45,9,43,41
2016-03-20,4,5,30,23,36,1
2016-03-24,15,21,24,47,16,18
2016-03-27,2,3,24,40,6,43
2016-03-31,21,11,44,43,32,5
2016-04-03,36,6,34,13,47,49
2016-04-07,20,26,39,25,14,21
2016-04-10,35,42,17,41,28,33
2016-04-14,9,44,5,16,31,10
2016-04-17,9,15,12,27,44,46
2016-04-21,18,47,5,14,46,6
2016-04-24,6,15,42,43,45,32
2016-05-01,16,40,9,36,37,43
2016-05-01,22,23,11,39,42,8
2016-05-05,39,5,19,13,15,32
2016-05-08,48,17,34,25,14,5
2016-05-12,3,37,6,22,2,10
2016-05-15,24,4,42,25,37,20
2016-05-19,24,7,34,2,9,37
2016-05-22,30,13,1,42,34,19
2016-05-26,1,43,21,45,26,20
2016-05-29,11,48,3,19,10,5
2016-06-02,13,27,37,8,23,12
2016-06-05,39,7,4,13,36,22
2016-06-09,30,42,44,18,10,31
2016-06-12,27,20,25,46,22,11
2016-06-16,30,16,4,9,13,2
2016-06-19,25,35,30,4,11,14
2016-06-23,24,7,46,35,3,27
2016-06-26,24,43,1,25,46,22
2016-06-30,1,27,34,49,14,6
2016-07-03,42,25,38,22,27,15
2016-07-07,15,31,26,4,42,17
2016-07-10,9,38,45,21,20,5
2016-07-14,22,31,34,47,10,49
2016-07-17,12,26,9,45,4,47
2016-07-21,2,41,42,6,39,12
2016-07-24,24,16,28,21,6,33
2016-07-28,42,44,10,3,33,27
2016-07-31,38,32,31,49,3,4
2016-08-04,16,42,2,6,46,30
2016-08-07,7,5,36,41,4,32
2016-08-11,14,4,19,49,34,38
2016-08-14,47,3,49,6,7,24
2016-08-18,6,44,1,4,19,8
2016-08-21,38,17,5,11,36,13
2016-08-25,6,11,25,9,12,1
2016-08-28,48,6,4,30,13,26
2016-09-01,19,26,45,25,22,3
2016-09-04,41,13,21,43,45,28
2016-09-08,40,39,14,46,7,41
2016-09-11,34,21,25,14,46,43
2016-09-15,22,18,5,28,29,15
2016-09-18,18,19,35,23,45,13
2016-09-18,22,47,15,14,41,2
2016-09-22,33,25,30,17,13,31
2016-09-25,11,25,43,42,30,23
2016-09-29,32,43,40,44,2,26
2016-10-02,27,23,2,44,48,38
2016-10-06,21,10,40,23,3,38
2016-10-09,9,10,27,5,38,33
2016-10-13,16,7,26,25,31,13
2016-10-16,19,42,22,18,43,20
2016-10-20,11,36,7,31,19,12
2016-10-23,12,31,46,17,6,5
2016-10-27,6,35,3,1,43,42
2016-10-30,16,37,7,33,28,36
2016-11-03,7,19,22,6,5,45
2016-11-06,15,11,41,14,9,42
2016-11-10,35,44,17,10,22,18
2016-11-13,21,35,46,20,5,31
2016-11-17,17,42,39,30,36,4
2016-11-20,2,42,1,44,19,8
2016-11-24,17,15,19,11,7,9
2016-11-27,29,32,43,30,21,4
2016-12-04,34,23,1,18,5,11
2016-12-08,38,9,24,10,7,4
2016-12-11,36,18,41,24,23,10
2016-12-15,49,4,44,37,7,31
2016-12-18,17,3,38,44,20,40
2016-12-22,4,18,32,21,17,34
2016-12-31,23,22,43,8,9,27
2016-12-31,42,15,34,43,48,39
2017-01-05,25,49,42,29,5,24
2017-01-08,16,5,18,28,43,30
2017-01-12,16,30,1,23,20,8
2017-01-15,7,30,16,39,23,5
2017-01-19,23,45,12,25,2,10
2017-01-22,24,16,38,27,11,3
2017-01-26,33,27,2,40,42,20
2017-01-29,38,27,49,17,13,44
2017-02-02,40,6,27,5,25,49
2017-02-05,25,10,34,15,36,39
2017-02-09,20,37,8,31,27,9
2017-02-12,7,5,8,25,37,6
2017-02-16,22,17,4,42,30,3
2017-02-19,37,30,27,38,17,45
2017-02-23,18,23,36,7,47,8
2017-02-26,22,31,30,4,42,39
2017-03-02,24,38,48,11,12,29
2017-03-05,43,14,49,23,3,6
2017-03-05,30,1,16,9,41,34
2017-03-09,29,43,33,10,27,36
2017-03-12,20,39,3,5,49,41
2017-03-16,48,30,46,13,21,29
2017-03-19,40,45,38,8,11,34
2017-03-23,11,35,39,4,2,1
2017-03-26,1,29,41,39,18,46
2017-03-30,23,31,20,19,38,7
2017-04-02,48,21,12,9,5,46
2017-04-06,22,20,2,36,1,8
2017-04-09,41,32,21,5,4,16
2017-04-16,8,30,37,11,21,45
2017-04-16,23,42,21,30,4,12
2017-04-20,1,21,18,6,31,3
2017-04-23,13,45,42,14,48,41
2017-04-27,49,2,19,44,9,35
2017-04-30,5,40,8,12,38,16
2017-05-04,13,25,22,15,34,11
2017-05-07,18,13,21,4,16,11
2017-05-11,1,32,34,49,24,17
2017-05-14,1,38,25,2,11,6
2017-05-18,47,13,6,3,32,17
2017-05-21,17,32,39,48,43,41
2017-05-25,4,20,15,2,10,19
2017-05-28,11,13,2,43,12,39
2017-06-01,48,30,19,38,36,29
2017-06-04,39,19,14,12,26,16
2017-06-08,7,6,16,26,18,9
2017-06-11,8,49,38,17,33,28
2017-06-15,20,15,4,39,46,3
2017-06-18,38,3,48,30,1,12
2017-06-22,2,40,22,44,42,30
2017-06-25,9,28,12,46,8,19
2017-06-25,13,47,17,44,27,6
2017-06-29,33,31,28,4,5,26
2017-07-02,11,32,28,37,36,48
2017-07-06,15,17,21,49,30,25
2017-07-09,26,30,8,24,35,23
2017-07-13,49,4,26,32,27,43
2017-07-16,16,15,5,22,7,40
2017-07-20,7,14,44,27,45,4
2017-07-23,4,38,39,11,15,36
2017-07-27,47,16,11,38,10,26
2017-07-30,25,48,28,38,1,24
2017-07-30,41,20,7,5,9,3
2017-08-03,14,16,44,2,27,9
2017-08-06,25,7,9,37,43,29
2017-08-10,16,14,7,47,21,27
2017-08-13,38,3,28,31,32,18
2017-08-17,48,27,29,23,8,20
2017-08-20,48,46,5,30,19,32
2017-08-24,26,16,37,36,13,22
2017-08-27,48,17,43,2,13,15
2017-08-31,18,11,24,39,12,34
2017-09-03,23,24,8,45,40,35
2017-09-07,15,36,20,24,2,6
2017-09-10,20,25,45,48,37,21
2017-09-17,21,30,39,46,3,9
2017-09-17,5,14,10,23,26,40
2017-09-21,4,32,36,8,1,24
2017-09-24,32,5,4,49,44,12
2017-09-28,3,6,37,7,48,28
2017-10-01,21,38,7,6,49,13
2017-10-05,30,6,17,41,4,28
2017-10-08,5,15,28,41,32,7
2017-10-12,44,35,36,19,21,42
2017-10-15,46,22,47,43,27,28
2017-10-15,44,19,35,6,9,10
2017-10-19,8,32,11,19,29,17
2017-10-22,2,28,41,27,26,3
2017-10-26,10,21,24,22,37,23
2017-10-29,18,37,27,10,44,5
2017-11-02,49,21,24,28,39,16
2017-11-05,13,3,18,12,21,45
2017-11-09,23,47,28,7,39,9
2017-11-12,19,12,32,7,33,17
2017-11-16,21,5,44,48,11,49
2017-11-19,8,15,30,42,39,35
2017-11-23,30,10,11,45,15,37
2017-11-26,23,30,44,13,2,15
2017-11-26,37,11,35,27,12,4
2017-11-30,17,15,41,39,45,40
2017-12-03,42,20,5,4,23,38
2017-12-07,32,14,37,40,47,49
2017-12-10,38,49,10,1,46,22
2017-12-14,40,2,45,13,11,5
2017-12-17,34,30,47,46,45,26
2017-12-21,19,46,30,33,36,17
2017-12-24,18,33,17,12,44,28
2017-12-31,5,44,12,9,29,16
2017-12-31,43,36,2,42,32,28
2018-01-04,8,27,47,2,25,3
2018-01-07,4,12,5,19,33,2
2018-01-11,35,20,10,31,3,32
2018-01-14,16,36,34,30,43,27
2018-01-18,1,49,21,34,2,12
2018-01-21,47,35,17,33,23,11
2018-01-25,48,10,17,31,25,29
2018-01-28,18,34,5,28,33,2
2018-02-01,37,34,27,46,4,28
2018-02-04,37,17,26,39,35,4
2018-02-08,3,29,23,40,39,9
2018-02-11,5,14,30,34,22,18
2018-02-15,30,33,5,2,34,19
2018-02-18,21,12,42,8,37,2
2018-02-22,47,8,35,18,26,2
2018-02-25,3,1,47,19,28,34
2018-03-01,6,11,39,43,33,9
2018-03-04,17,40,3,31,19,41
2018-03-04,20,40,19,32,39,29
2018-03-08,12,4,24,42,31,2
2018-03-11,27,43,48,29,35,1
2018-03-15,34,19,3,20,10,17
2018-03-18,9,37,41,33,47,25
2018-03-22,4,15,48,2,23,20
2018-03-25,2,39,12,36,34,20
2018-03-29,23,35,31,5,6,43
2018-04-01,12,23,20,11,42,18
2018-04-08,31,9,18,29,32,21
2018-04-08,45,49,9,37,7,31
2018-04-12,2,24,43,49,16,40
2018-04-15,15,9,31,21,13,4
2018-04-19,4,21,22,27,24,37
2018-04-22,14,18,39,21,45,29
2018-04-26,14,18,19,24,33,6
2018-04-29,30,49,14,46,37,32
2018-05-03,29,37,44,3,9,6
2018-05-06,35,16,25,9,23,49
2018-05-10,1,20,39,21,43,44
2018-05-13,33,9,17,49,11,34
2018-05-17,24,34,17,8,5,20
2018-05-20,12,16,33,45,3,10
2018-05-24,1,14,38,47,33,7
2018-05-27,2,27,14,45,7,46
2018-05-31,24,33,19,28,35,4
2018-06-03,1,11,47,22,36,46
2018-06-07,43,4,38,25,16,46
2018-06-10,47,21,25,22,40,42
2018-06-14,6,23,3,35,32,44
2018-06-17,3,19,20,23,17,37
2018-06-21,30,31,19,49,17,34
2018-06-24,24,49,42,3,21,41
2018-06-28,49,23,25,24,41,4
2018-07-01,19,43,20,18,5,11
2018-07-05,28,5,44,10,26,38
2018-07-08,25,36,31,8,7,40
2018-07-12,2,42,29,39,40,44
2018-07-15,3,29,46,32,23,27
2018-07-19,23,49,5,2,41,16
2018-07-22,4,48,39,44,24,9
2018-07-26,6,12,44,27,4,30
2018-07-29,38,9,14,45,31,23
2018-08-02,21,9,8,22,40,27
2018-08-05,2,31,43,24,40,19
2018-08-09,41,42,25,28,38,30
2018-08-12,3,23,16,12,10,45
2018-08-16,5,16,37,32,3,10
2018-08-19,31,15,24,18,33,35
2018-08-23,37,14,47,28,39,4
2018-08-26,19,43,26,27,14,38
2018-08-30,29,27,12,25,7,39
2018-09-02,45,43,28,14,18,4
2018-09-06,48,26,13,28,7,22
2018-09-09,44,16,27,48,9,19
2018-09-13,42,20,3,34,31,13
2018-09-16,33,22,37,36,42,29
2018-09-16,14,10,23,30,8,37
2018-09-20,42,35,33,39,25,7
2018-09-23,34,23,15,47,4,14
2018-09-27,29,11,4,45,33,28
2018-09-30,3,5,41,44,38,32
2018-10-04,34,26,12,32,7,42
2018-10-07,21,12,40,44,33,1
2018-10-11,6,11,33,19,23,8
2018-10-14,24,45,2,49,19,47
2018-10-18,34,27,32,10,13,11
2018-10-21,7,6,22,21,43,23
2018-10-21,45,47,25,18,2,10
2018-10-25,42,33,45,5,15,16
2018-10-28,24,10,4,48,33,43
2018-11-01,34,19,7,43,9,28
2018-11-04,40,34,22,36,32,41
2018-11-08,42,19,10,37,21,45
2018-11-11,10,23,30,21,7,39
2018-11-15,28,7,48,14,22,17
2018-11-18,48,23,15,37,35,28
2018-11-18,42,48,10,5,33,3
2018-11-22,20,15,18,7,28,23
2018-11-25,22,7,2,40,14,30
2018-11-29,3,12,27,18,9,4
2018-12-02,39,46,15,11,7,25
2018-12-02,33,7,19,47,11,25
2018-12-06,19,14,7,34,20,41
2018-12-09,22,23,24,9,47,33
2018-12-13,32,41,43,25,1,19
2018-12-16,47,33,34,16,44,27
2018-12-20,24,44,13,23,32,41
2018-12-23,26,41,24,25,23,36
2018-12-31,11,12,15,30,8,4
2019-01-06,7,45,30,17,6,26
2019-01-10,8,15,31,45,26,32
2019-01-13,22,14,17,33,7,9
2019-01-17,7,45,36,15,40,34
2019-01-20,35,15,26,17,46,21
2019-01-24,39,43,17,8,6,7
2019-01-27,26,7,4,42,48,6
2019-01-31,30,7,23,12,28,27
2019-02-03,35,48,18,34,49,29
2019-02-07,30,26,25,48,32,1
2019-02-10,12,45,48,38,24,5
2019-02-14,31,49,2,46,20,3
2019-02-17,13,45,28,17,12,47
2019-02-21,26,33,11,9,24,20
2019-02-24,2,3,49,25,31,17
2019-02-28,30,21,41,32,45,3
2019-03-03,26,42,24,20,36,33
2019-03-07,20,16,18,23,15,26
2019-03-10,4,20,1,10,5,42
2019-03-14,37,39,2,32,25,23
2019-03-17,1,36,40,21,4,39
2019-03-21,30,10,5,27,8,28
2019-03-24,13,45,49,26,18,28
2019-03-28,38,6,45,36,47,11
2019-03-31,14,13,19,12,21,25
2019-04-04,44,29,46,6,1,28
2019-04-07,4,2,8,5,25,14
2019-04-11,8,10,4,49,45,27
2019-04-14,12,44,4,36,31,39
2019-04-18,8,6,33,31,42,13
2019-04-21,26,23,47,21,35,24
2019-04-27,15,8,1,29,5,43
2019-04-27,46,10,7,5,41,9
2019-05-02,48,7,34,40,33,46
2019-05-05,42,28,13,6,19,48
2019-05-09,13,32,15,43,18,20
2019-05-12,27,6,11,44,42,24
2019-05-16,12,46,42,20,17,2
2019-05-19,43,26,15,11,24,25
2019-05-23,5,47,38,39,31,22
2019-05-26,16,43,48,14,19,26
2019-05-30,1,13,29,6,3,22
2019-06-02,18,9,26,34,49,11
2019-06-06,40,24,37,2,11,12
2019-06-09,25,30,2,49,15,31
2019-06-13,33,46,4,36,32,47
2019-06-16,22,42,41,30,34,8
2019-06-20,14,48,32,11,35,13
2019-06-23,5,1,11,45,36,8
2019-06-27,12,28,5,34,21,16
2019-06-30,3,47,31,25,22,21
2019-07-04,6,40,22,32,31,12
2019-07-07,8,40,16,4,48,2
2019-07-11,42,28,31,3,23,38
2019-07-14,15,21,28,38,26,13
2019-07-18,41,16,27,24,4,37
2019-07-21,1,40,27,35,28,37
2019-07-25,32,7,40,1,37,11
2019-07-28,32,40,20,35,4,23
2019-08-01,6,3,48,25,2,47
2019-08-04,22,26,42,6,7,24
2019-08-08,22,30,31,29,10,4
2019-08-11,25,45,44,37,27,42
2019-08-15,6,7,9,37,30,31
2019-08-18,5,40,24,20,8,27
2019-08-22,39,8,24,46,33,47
2019-08-25,36,29,2,28,16,34
2019-08-29,25,1,13,34,28,30
2019-09-01,36,19,38,44,6,20
2019-09-05,21,40,3,13,30,6
2019-09-08,43,4,48,29,44,23
2019-09-12,8,10,30,26,42,6
2019-09-15,27,45,25,8,10,39
2019-09-15,37,8,4,10,28,21
2019-09-19,5,27,43,18,47,19
2019-09-22,25,24,27,17,29,20
2019-09-26,22,37,27,45,43,40
2019-09-29,14,26,48,43,40,10
2019-10-03,36,7,11,15,48,8
2019-10-06,10,29,6,19,38,45
2019-10-10,21,41,49,30,31,2
2019-10-13,42,23,35,44,32,1
2019-10-17,21,41,15,5,6,45
2019-10-20,32,36,47,49,18,7
2019-10-24,49,6,27,20,26,28
2019-10-27,44,9,41,1,49,5
2019-10-31,38,22,27,24,30,21
2019-11-03,39,48,1,43,40,31
2019-11-07,6,19,44,33,37,2
2019-11-10,10,36,23,12,28,46
2019-11-14,27,17,30,8,13,16
2019-11-17,11,17,15,49,33,6
2019-11-21,4,42,46,43,5,35
2019-11-24,13,37,44,25,21,49
2019-11-28,40,4,8,10,1,12
2019-12-01,40,22,5,33,2,32
2019-12-01,28,39,40,25,32,31
2019-12-05,28,36,33,22,43,37
2019-12-08,43,45,34,27,12,23
2019-12-12,17,2,47,40,22,19
2019-12-15,34,41,3,12,16,2
2019-12-19,8,5,16,26,31,17
2019-12-22,9,39,16,3,44,24
2019-12-31,25,16,5,46,35,6
2019-12-31,14,17,24,8,21,1
2020-01-05,20,27,26,28,41,3
2020-01-09,30,40,39,36,18,19
2020-01-12,45,4,8,44,27,9
2020-01-16,26,17,19,30,20,23
2020-01-19,28,11,9,24,47,3
2020-01-23,39,13,1,24,32,42
2020-01-26,9,23,28,35,18,45
2020-01-30,44,41,16,13,15,31
2020-02-02,7,16,18,8,33,14
2020-02-06,45,31,13,30,18,4
2020-02-09,44,6,3,11,15,33
2020-02-13,4,25,28,48,38,9
2020-02-16,43,20,12,40,46,13
2020-02-20,28,6,12,16,34,31
2020-02-23,39,38,43,40,48,20
2020-02-27,2,26,20,5,14,42
2020-03-01,9,49,25,36,38,24
2020-03-05,21,39,16,6,25,10
2020-03-08,3,6,39,45,26,21
2020-03-08,8,10,9,45,27,16
2020-03-12,27,26,15,10,48,23
2020-03-15,35,36,32,40,23,4
2020-03-19,4,8,49,42,11,9
2020-06-21,2,45,8,22,18,27
2020-06-25,29,39,40,42,10,14
2020-06-28,35,13,33,27,16,5
2020-07-02,27,34,37,8,1,22
2020-07-05,27,13,41,7,1,16
2020-07-09,20,37,26,31,36,17
2020-07-12,23,43,30,44,26,10
2020-07-16,21,47,46,36,23,13
2020-07-19,36,43,47,11,2,33
2020-07-23,25,7,11,6,15,34
2020-07-26,18,13,19,5,29,8
2020-07-30,3,38,34,17,12,5
2020-08-02,47,30,5,28,48,12
2020-08-06,8,47,3,13,14,23
2020-08-09,29,36,13,17,27,46
2020-08-13,12,38,27,35,30,6
2020-08-16,47,11,17,35,3,29
2020-08-20,40,27,26,30,12,11
2020-08-23,47,4,18,20,2,6
2020-08-27,26,39,17,10,43,19
2020-08-30,49,1,14,45,18,42
2020-09-03,29,48,34,12,36,8
2020-09-06,34,9,46,37,3,2
2020-09-10,28,9,18,3,43,37
2020-09-13,41,39,33,3,16,9
2020-09-13,40,36,47,42,33,16
2020-09-17,8,12,47,40,6,30
2020-09-20,34,4,2,3,35,46
2020-09-24,2,42,39,22,34,43
2020-09-27,9,23,45,21,13,4
2020-10-01,23,15,11,47,35,29
2020-10-04,48,9,1,30,5,14
2020-10-08,4,39,27,23,1,15
2020-10-11,10,33,6,4,7,36
2020-10-15,25,1,13,23,37,7
2020-10-18,48,10,36,2,27,23
2020-10-22,36,33,30,4,17,25
2020-10-25,36,35,3,24,31,8
2020-10-29,4,18,31,8,38,42
2020-11-01,33,24,4,40,12,18
2020-11-05,4,34,12,25,40,1
2020-11-08,46,18,20,14,48,5
2020-11-12,38,14,5,21,31,12
2020-11-15,16,48,17,46,22,10
2020-11-19,23,3,34,27,42,39
2020-11-22,43,1,13,25,12,19
2020-11-26,44,3,35,13,28,25
2020-11-29,17,43,25,21,8,10
2020-12-03,3,24,4,37,44,9
2020-12-06,13,37,26,17,28,16
2020-12-06,45,12,31,32,35,14
2020-12-10,20,27,30,31,49,39
2020-12-13,15,23,8,36,5,47
2020-12-17,12,49,38,39,45,29
2020-12-20,46,27,44,5,16,42
2020-12-24,43,20,2,8,31,30
2020-12-31,25,38,41,1,10,36
2020-12-31,28,18,48,40,45,31
2021-01-03,7,1,15,36,34,30
2021-01-07,31,49,45,37,17,16
2021-01-10,39,26,42,38,10,28
2021-01-14,39,21,49,26,11,27
2021-01-17,5,36,3,35,32,2
2021-01-21,26,1,28,12,49,24
2021-01-24,12,27,15,9,33,44
2021-01-28,22,24,11,19,35,30
2021-01-31,40,11,18,33,20,14
2021-02-04,36,8,20,34,32,30
2021-02-07,41,49,5,20,14,1
2021-02-11,43,35,25,6,16,8
2021-02-14,15,33,32,47,17,11
2021-02-18,16,38,30,42,8,1
2021-02-21,30,24,3,12,10,42
2021-02-25,10,27,34,12,9,31
2021-02-28,40,45,6,39,9,14
2021-03-04,7,21,36,19,1,16
2021-03-07,27,3,10,29,5,9
2021-03-07,1,17,27,19,44,9
2021-03-11,12,19,9,1,40,5
2021-03-14,26,40,35,39,37,5
2021-03-18,3,38,31,39,5,29
2021-03-21,27,17,10,4,19,43
2021-03-25,29,3,34,39,26,36
2021-03-28,47,13,7,30,42,19
2021-04-01,15,25,16,21,12,5
2021-04-04,4,2,3,10,41,26
2021-04-08,26,9,6,13,32,31
2021-04-11,12,17,4,44,11,27
2021-04-15,15,48,29,47,18,42
2021-04-18,12,22,36,6,23,37
2021-04-22,26,46,20,39,8,5
2021-04-25,27,42,48,44,46,23
2021-05-01,30,46,40,16,5,43
2021-05-01,43,7,20,47,48,5
2021-05-06,35,7,22,20,37,32
2021-05-09,40,31,24,14,3,47
2021-05-13,12,40,7,10,6,41
2021-05-16,3,36,9,41,11,24
2021-05-20,46,27,7,19,6,38
2021-05-23,35,17,39,7,24,21
2021-05-27,30,40,41,14,23,43
2021-05-30,22,7,32,29,37,1
2021-06-03,17,38,6,33,28,49
2021-06-06,21,36,2,28,6,34
2021-06-10,15,20,13,49,35,46
2021-06-13,37,25,5,38,30,10
2021-06-17,11,26,16,27,24,44
2021-06-20,39,45,30,34,38,4
2021-06-24,38,44,28,23,5,18
2021-06-27,23,27,25,11,18,22
2021-07-01,38,36,22,17,31,49
2021-07-04,16,27,42,18,46,24
2021-07-08,33,5,10,7,14,26
2021-07-11,36,42,49,37,26,16
2021-07-15,8,9,28,36,23,47
2021-07-18,35,45,19,2,41,12
2021-07-22,1,42,47,11,10,21
2021-07-25,25,22,20,27,48,42
2021-07-29,23,48,20,26,6,38
2021-08-01,5,33,13,11,35,46
2021-08-05,23,41,28,35,30,25
2021-08-08,4,7,25,36,20,14
2021-08-12,25,42,10,28,5,3
2021-08-15,18,46,39,26,10,34
2021-08-19,40,38,5,25,7,13
2021-08-22,34,48,4,46,7,24
2021-08-26,49,1,8,48,3,38
2021-08-29,17,36,32,27,19,5
2021-09-02,16,7,18,42,19,36
2021-09-05,46,8,25,19,37,41
2021-09-09,47,36,13,19,49,38
2021-09-12,41,49,34,12,14,45
2021-09-12,7,48,27,33,21,14
2021-09-16,9,12,25,13,32,40
2021-09-19,8,12,19,6,11,10
2021-09-23,30,40,13,1,48,3
2021-09-26,16,33,11,6,32,35
2021-09-30,8,5,24,16,23,36
2021-10-03,45,3,35,20,21,32
2021-10-07,10,6,30,2,17,1
2021-10-10,48,32,7,27,12,42
2021-10-14,38,13,33,27,2,39
2021-10-17,13,24,11,10,6,18
2021-10-21,25,21,24,4,8,2
2021-10-24,33,5,12,27,16,24
2021-10-28,25,4,1,7,35,20
2021-10-31,6,29,49,9,39,27
2021-11-04,28,44,24,1,38,4
2021-11-07,19,8,14,48,37,40
2021-11-11,39,22,46,30,9,33
2021-11-14,1,38,34,22,45,13
2021-11-18,33,22,27,37,21,35
2021-11-21,15,1,14,20,28,29
2021-11-25,35,9,6,27,5,33
2021-11-28,12,17,31,29,27,48
2021-12-05,16,10,15,18,40,4
2021-12-05,14,40,23,28,47,12
2021-12-09,25,28,2,14,4,43
2021-12-12,39,14,24,44,20,37
2021-12-16,3,28,39,27,5,7
2021-12-19,15,19,13,3,44,5
2021-12-24,2,17,15,12,14,23
2021-12-31,37,27,43,4,38,39
2021-12-31,41,9,5,45,34,1
2022-01-06,44,36,29,25,34,14
2022-01-09,7,26,5,48,49,25
2022-01-13,29,12,23,42,27,10
2022-01-16,13,42,40,14,37,23
2022-01-20,46,28,48,7,3,14
2022-01-23,46,29,3,33,40,26
2022-01-27,46,3,18,16,48,32
2022-01-30,40,12,29,16,48,47
2022-02-03,21,41,1,26,7,29
2022-02-06,49,33,23,16,10,7
2022-02-10,41,13,27,48,23,29
2022-02-13,32,3,7,40,37,14
2022-02-17,45,12,26,11,44,37
2022-02-20,46,20,37,25,32,8
2022-02-27,49,24,47,18,40,10
2022-03-03,44,38,10,11,24,21
2022-03-06,19,42,41,18,34,28
2022-03-06,10,8,6,4,42,48
2022-03-10,42,24,16,48,5,4
2022-03-13,18,17,28,39,15,43
2022-03-17,8,2,32,9,39,6
2022-03-20,7,2,13,19,46,24
2022-03-24,46,38,39,22,3,5
2022-03-27,7,31,9,13,8,3
2022-03-31,8,40,30,35,18,7
2022-04-03,25,20,11,49,34,27
2022-04-07,49,8,48,5,11,19
2022-04-10,40,33,36,35,43,4
2022-04-14,10,12,27,49,15,21
2022-04-17,20,16,13,35,25,19
2022-04-23,30,24,23,29,41,18
2022-04-23,5,37,35,3,31,49
2022-04-28,2,43,26,16,38,32
2022-05-01,10,29,37,49,26,42
2022-05-05,12,36,34,38,41,40
2022-05-08,22,8,27,3,41,11
2022-05-12,25,10,8,44,23,28
2022-05-15,45,6,24,5,39,44
2022-05-19,6,11,32,17,15,7
2022-05-22,47,34,38,9,39,30
2022-05-26,22,32,33,41,44,19
2022-05-29,26,10,20,41,16,13
2022-06-02,7,39,31,12,25,35
2022-06-05,15,23,18,34,11,41
2022-06-09,6,39,42,5,34,13
2022-06-12,36,13,19,37,27,38
2022-06-16,36,24,21,22,31,35
2022-06-19,28,26,9,2,48,5
2022-06-23,28,42,8,1,25,46
2022-06-26,35,33,27,10,46,43
2022-06-30,10,43,9,20,21,44
2022-07-03,42,44,19,28,26,13
2022-07-07,22,40,10,7,14,11
2022-07-10,1,23,18,49,42,29
2022-07-14,32,17,7,48,46,27
2022-07-17,17,8,27,38,29,25
2022-07-21,10,24,6,3,8,14
2022-07-24,39,35,38,10,4,43
2022-07-28,17,48,40,23,36,2
2022-07-31,21,38,26,24,12,20
2022-08-04,18,40,5,46,49,23
2022-08-07,9,32,17,6,41,11
2022-08-11,10,28,6,30,11,33
2022-08-14,20,4,25,23,26,34
2022-08-18,16,35,37,27,5,18
2022-08-21,2,12,27,15,16,9
2022-08-25,48,39,21,27,30,9
2022-08-28,39,31,24,38,3,43
2022-09-01,14,43,10,45,30,6
2022-09-04,47,31,8,36,26,27
2022-09-08,44,48,21,10,27,17
2022-09-11,19,18,31,10,5,17
2022-09-11,48,2,16,33,45,41
2022-09-15,45,49,12,40,10,41
2022-09-18,21,41,31,14,2,43
2022-09-22,13,35,18,28,10,47
2022-09-25,31,20,9,25,15,2
2022-09-29,7,18,22,30,33,12
2022-10-02,36,6,29,10,20,23
2022-10-06,25,27,9,13,37,7
2022-10-09,5,18,49,34,31,40
2022-10-13,22,40,45,5,20,44
2022-10-16,16,22,18,32,48,1
2022-10-20,6,41,47,15,2,24
2022-10-23,24,38,18,6,25,2
2022-10-27,16,30,2,9,25,1
2022-10-30,13,21,17,9,42,43
2022-11-03,30,12,25,10,1,37
2022-11-06,40,29,2,10,18,37
2022-11-10,31,3,24,12,23,7
2022-11-13,44,10,2,6,31,23
2022-11-17,18,11,29,36,10,35
2022-11-20,47,45,40,1,30,24
2022-11-24,17,25,32,29,18,49
2022-11-27,19,33,39,18,30,26
2022-12-04,36,27,23,14,38,43
2022-12-08,24,29,38,5,25,35
2022-12-11,45,8,12,41,35,30
2022-12-15,33,39,46,4,26,8
2022-12-18,3,21,40,26,16,15
2022-12-24,39,41,28,1,45,4
2022-12-31,13,4,35,19,10,7
2022-12-31,40,22,13,4,42,9
2023-01-05,23,35,40,6,14,16
2023-01-08,42,37,2,24,16,6
2023-01-12,6,2,4,7,12,39
2023-01-15,21,9,31,18,41,16
2023-01-19,47,30,44,39,3,31
2023-01-22,41,23,20,37,36,43
2023-01-26,49,42,34,28,11,37
2023-01-29,9,19,25,2,39,38
2023-02-02,10,45,33,29,25,44
2023-02-09,23,8,19,11,31,33
2023-02-09,17,29,44,49,30,26
2023-02-12,36,14,40,19,15,28
2023-02-16,14,43,7,40,37,36
2023-02-19,41,46,28,24,26,47
2023-02-23,13,44,12,45,6,2
2023-02-26,4,9,21,35,7,32
2023-03-02,48,33,5,45,29,49
2023-03-05,18,44,15,40,30,12
2023-03-09,22,47,34,29,10,9
2023-03-12,30,21,43,8,23,7
2023-03-12,8,3,10,5,25,2
2023-03-16,29,3,27,33,38,31
2023-03-19,21,5,13,10,47,36
2023-03-23,35,24,10,48,28,40
2023-03-26,21,33,36,14,2,35
2023-03-30,16,48,25,21,24,20
2023-04-02,5,16,12,36,32,1
2023-04-06,4,31,38,2,22,12
2023-04-09,13,19,42,27,46,25
2023-04-15,48,39,27,4,26,21
2023-04-15,14,26,12,5,4,7
2023-04-20,32,12,6,9,42,48
2023-04-23,6,45,38,44,39,10
2023-04-27,5,7,13,22,2,36
2023-04-30,49,22,33,13,28,30
2023-05-04,27,47,48,7,21,41
2023-05-07,1,41,36,8,32,20
2023-05-11,5,1,24,48,33,41
2023-05-14,41,31,38,18,49,32
2023-05-18,36,37,17,29,13,34
2023-05-21,42,49,47,39,41,17
2023-05-25,26,47,32,3,44,15
2023-05-28,5,19,29,4,32,17
2023-06-01,6,41,33,17,2,13
2023-06-04,24,42,2,20,46,26
2023-06-08,21,48,44,28,25,8
2023-06-11,49,35,20,40,41,24
2023-06-15,8,21,3,37,38,46
2023-06-18,30,44,49,40,33,24
2023-06-22,6,49,48,44,26,27
2023-06-25,38,17,36,37,44,25
2023-06-29,2,12,22,39,6,24
2023-07-02,28,36,18,40,6,39
2023-07-06,44,32,30,39,13,35
2023-07-09,29,5,24,27,16,14
2023-07-13,37,44,6,32,31,38
2023-07-16,38,10,26,36,13,23
2023-07-20,3,20,18,9,46,47
2023-07-23,36,31,9,18,4,10
2023-07-27,26,24,49,1,6,22
2023-07-30,31,27,6,19,35,29
2023-08-03,15,21,10,47,4,38
2023-08-06,36,10,14,6,20,11
2023-08-10,25,11,27,17,33,26
2023-08-13,14,30,1,10,2,15
2023-08-17,39,43,29,20,32,30
2023-08-20,22,28,37,39,12,34
2023-08-24,42,37,12,49,35,6
2023-08-27,29,7,6,4,39,20
2023-08-31,31,41,39,15,17,47
2023-09-03,32,47,21,40,13,6
2023-09-07,37,18,27,20,31,26
2023-09-10,31,34,49,30,4,39
2023-09-14,15,8,42,7,24,21
2023-09-17,30,45,15,35,33,41
2023-09-17,17,39,7,29,18,42
2023-09-21,37,46,32,4,9,43
2023-09-24,14,13,19,47,5,48
2023-09-28,1,41,13,45,17,24
2023-10-01,41,16,29,37,26,6
2023-10-05,20,25,47,3,13,38
2023-10-08,14,16,6,27,26,37
2023-10-12,17,33,45,26,40,4
2023-10-15,20,38,3,48,35,21
2023-10-19,23,31,15,3,1,40
2023-10-22,32,6,14,7,40,45
2023-10-26,23,36,49,30,20,4
2023-10-29,32,9,44,24,46,1
2023-11-02,40,25,31,23,18,14
2023-11-05,5,37,17,46,26,30
2023-11-09,40,3,8,2,38,25
2023-11-12,26,18,27,41,42,28
2023-11-16,46,44,38,13,23,31
2023-11-19,14,28,18,17,22,3
2023-11-23,33,4,45,43,18,8
2023-11-26,20,21,49,10,5,43
2023-12-03,16,35,46,29,36,24
2023-12-03,4,7,44,2,46,45
2023-12-07,2,24,1,47,17,41
2023-12-10,44,45,16,34,13,32
2023-12-14,12,2,40,37,9,39
2023-12-17,9,11,48,25,45,16
2023-12-21,41,36,14,28,27,47
2023-12-24,20,22,23,18,35,5
2023-12-31,37,8,4,19,31,20
2023-12-31,3,40,16,46,44,33
2024-01-04,2,29,31,13,49,34
2024-01-07,15,34,46,31,45,26
2024-01-11,2,33,13,18,15,14
2024-01-14,17,9,31,43,25,24
2024-01-18,22,12,25,42,32,39
2024-01-21,14,34,4,39,47,31
2024-01-25,24,34,36,6,39,41
2024-01-28,27,11,49,47,28,26
2024-02-01,30,8,19,2,6,35
2024-02-04,28,7,2,5,11,20
2024-02-08,15,28,16,11,47,9
2024-02-11,22,30,36,48,35,13
2024-02-15,9,1,22,29,8,46
2024-02-18,32,7,33,48,15,5
2024-02-22,23,27,40,45,30,6
2024-02-25,39,1,14,48,10,26
2024-02-29,20,38,15,11,17,16
2024-03-03,41,48,15,5,44,47
2024-03-07,8,36,26,34,33,4
2024-03-10,39,8,31,9,20,24
2024-03-10,10,4,3,12,1,39
2024-03-14,38,1,45,10,22,46
2024-03-17,18,29,44,39,10,14
2024-03-21,6,1,4,26,16,8
2024-03-24,28,29,18,3,37,47
2024-03-28,15,33,17,44,1,46
2024-03-31,43,31,21,44,1,24
2024-04-04,2,16,10,4,15,49
2024-04-07,49,6,1,7,20,40
2024-04-11,31,13,15,23,25,42
2024-04-14,33,7,25,48,40,10
2024-04-18,27,12,41,10,21,18
2024-04-21,47,17,28,29,26,40
2024-04-25,18,21,8,2,19,1
2024-04-28,12,1,15,19,37,35
2024-05-04,3,25,34,39,20,30
2024-05-04,16,6,13,44,18,19
2024-05-09,19,43,41,46,35,40
2024-05-12,20,49,33,26,24,14
2024-05-16,24,22,43,26,16,37
2024-05-19,39,22,34,46,24,19
2024-05-23,12,26,31,24,20,36
2024-05-26,45,12,15,8,32,16
2024-05-30,18,14,10,39,31,29
2024-06-02,21,42,45,48,13,11
2024-06-06,35,37,33,1,6,12
2024-06-09,38,49,41,26,33,27
2024-06-13,28,15,41,14,23,31
2024-06-16,32,44,12,25,38,19
2024-06-20,3,35,6,42,46,23
2024-06-23,41,39,47,6,30,44
2024-06-27,49,9,40,38,18,39
2024-06-30,15,46,45,23,12,24
2024-07-04,41,20,43,2,25,47
2024-07-07,27,10,24,1,35,17
2024-07-11,43,7,42,10,30,17
2024-07-14,46,14,30,34,44,4
2024-07-18,15,38,29,43,8,10
2024-07-21,26,27,44,22,4,17
2024-07-25,42,19,7,16,33,4
2024-07-28,17,6,46,48,41,43
2024-08-01,40,22,31,2,42,3
2024-08-04,9,32,21,8,20,36
2024-08-08,35,1,28,16,23,37
2024-08-11,2,35,34,38,25,9
2024-08-15,20,16,47,14,37,4
2024-08-18,48,25,15,17,24,34
2024-08-22,21,40,37,9,2,5
2024-08-25,40,44,34,1,42,45
2024-08-29,19,6,21,26,20,40
2024-09-01,38,41,5,9,39,34
2024-09-05,34,17,26,25,4,7
2024-09-08,45,39,29,9,28,37
2024-09-12,20,46,6,42,32,35
2024-09-15,38,6,16,14,3,29
2024-09-15,2,15,17,16,46,6
2024-09-19,13,36,47,5,25,33
2024-09-22,22,46,17,15,28,23
2024-09-26,32,15,1,39,41,40
2024-09-29,47,2,16,7,46,22
2024-10-03,4,7,34,6,40,12
2024-10-06,31,5,30,4,22,26
2024-10-10,3,1,25,14,38,22
2024-10-13,13,18,22,30,1,10
2024-10-17,18,41,17,39,46,8
2024-10-20,35,1,24,34,33,46
2024-10-24,13,21,19,11,26,12
2024-10-27,19,18,8,40,17,32
2024-10-31,36,45,38,30,18,31
2024-11-03,8,21,19,20,42,18
2024-11-07,47,31,5,18,39,25
2024-11-10,6,4,17,39,26,7
2024-11-14,11,21,18,30,10,24
2024-11-17,40,15,37,22,16,7
2024-11-21,26,8,21,20,40,22
2024-11-24,28,20,39,38,42,11
2024-11-28,41,35,25,24,6,31
2024-12-01,7,15,26,37,34,19
2024-12-05,16,15,6,14,4,23
2024-12-08,5,49,37,40,2,44
2024-12-12,31,20,9,23,28,10
2024-12-15,43,21,25,47,17,49
2024-12-19,13,25,18,39,19,41
2024-12-22,25,46,49,35,31,19
2024-12-31,27,5,49,19,7,14
2024-12-31,9,40,46,29,32,23
2025-01-05,44,42,5,6,40,13
2025-01-09,43,29,24,46,14,11
2025-01-12,46,42,27,5,23,18
2025-01-16,23,22,2,7,19,6
2025-01-19,23,48,16,32,6,35
2025-01-23,47,45,23,21,32,28
2025-01-26,25,49,28,33,23,43
2025-01-30,44,36,4,45,48,12
2025-02-02,28,22,21,31,9,25
2025-02-06,29,35,9,4,45,40
2025-02-09,44,48,22,12,30,6
2025-02-13,16,15,33,40,11,25
2025-02-16,17,43,13,35,5,19
2025-02-20,19,8,16,29,39,32
2025-02-23,23,43,21,32,1,49
2025-02-27,20,11,16,41,17,46
2025-03-02,9,21,8,35,45,19
2025-03-06,38,16,26,29,28,30
2025-03-09,22,27,39,4,12,28
2025-03-09,20,40,9,32,7,23
2025-03-13,17,32,15,1,7,19
2025-03-16,43,29,34,1,32,47
2025-03-20,8,18,40,34,10,43
2025-03-23,37,46,24,18,12,27
2025-03-27,7,35,4,18,9,20
2025-03-30,37,42,14,10,05,45
2025-04-02,49,37,46,8,42,17
2025-04-06,1,32,19,40,41,2
2025-04-10,8,39,48,18,45,34
2025-04-13,11,29,30,3,43,16
2025-04-19,8,17,35,40,42,14
2025-04-19,3,33,6,23,28,35
2025-04-24,17,12,22,8,2,19
2025-04-27,9,46,16,8,43,29
2025-05-01,34,40,3,48,45,41
2025-05-04,30,13,24,9,3,20
2025-05-08,17,19,25,14,45,39
2025-05-11,8,10,18,16,31,24
2025-05-15,26,30,5,7,19,36
2025-05-18,25,12,33,1,4,39
2025-05-22,1,14,6,32,10,46
2025-05-25,18,42,10,37,27,13
2025-05-29,14,29,46,24,15,21
2025-06-01,42,43,14,22,26,45
2025-06-05,37,19,6,47,15,44
2025-06-08,18,36,20,38,16,25
2025-06-12,26,2,4,36,43,39
2025-06-15,22,27,47,18,26,24
2025-06-19,25,28,32,23,42,39
2025-06-22,17,27,31,18,38,5
2025-06-26,8,43,24,45,4,40
2025-06-29,19,7,6,2,23,48
2025-07-03,38,29,14,22,43,44
2025-07-06,8,32,33,19,20,1
2025-07-10,19,44,21,20,29,12
2025-07-13,15,19,28,7,24,9
2025-07-17,33,1,49,4,7,30
2025-07-20,26,32,17,41,38,44
2025-07-24,25,26,37,49,18,28
2025-07-27,26,34,16,12,47,32
2025-07-31,16,42,19,1,35,15
2025-08-03,37,16,29,34,22,45
2025-08-07,42,2,46,18,31,28
2025-08-10,1,16,8,26,5,25
2025-08-14,10,47,9,4,31,44
2025-08-17,4,35,12,3,7,42
2025-08-21,15,45,11,44,8,39
2025-08-24,43,31,18,24,48,41
2025-08-28,6,16,5,48,39,49
2025-08-31,37,4,30,33,6,19
2025-09-04,46,3,21,20,31,5
2025-09-07,7,43,47,6,13,42
2025-09-11,36,13,23,30,40,4
2025-09-14,43,30,39,31,3,22
2025-09-14,29,12,47,9,33,11