data,numar_1,numar_2,numar_3,numar_4,numar_5,joker
2000-09-14,4,30,32,39,27,7
2000-09-21,9,31,24,41,39,7
2000-09-28,19,1,28,43,38,11
2000-10-05,33,35,18,19,30,18
2000-10-12,26,28,32,35,12,11
2000-10-19,27,7,32,6,38,12
2000-10-26,35,19,29,7,23,14
2000-11-02,12,10,7,24,44,17
2000-11-09,10,1,26,7,18,7
2000-11-16,33,39,45,26,24,5
2000-11-23,35,13,22,37,24,8
2000-11-30,15,44,39,17,33,17
2000-12-07,3,44,13,36,32,7
2000-12-14,2,13,39,15,43,12
2000-12-21,36,35,15,11,33,2
2001-01-02,9,28,36,3,20,6
2001-01-11,9,5,30,40,21,5
2001-01-18,45,31,10,39,25,18
2001-01-25,1,19,10,11,28,11
2001-02-01,25,21,34,20,9,5
2001-02-08,15,37,25,10,33,17
2001-02-15,2,21,16,18,28,11
2001-02-22,19,2,20,28,40,4
2001-03-01,36,11,40,18,24,17
2001-03-08,14,6,32,33,31,7
2001-03-15,11,42,35,5,28,15
2001-03-22,4,21,23,17,41,8
2001-03-29,39,38,35,24,30,18
2001-04-05,45,15,42,14,44,18
2001-04-12,39,5,22,32,29,18
2001-04-19,8,28,17,4,19,16
2001-04-26,17,19,1,14,18,10
2001-05-03,28,40,44,45,6,13
2001-05-10,39,21,41,20,33,1
2001-05-17,2,34,7,42,8,17
2001-05-24,10,15,22,41,32,18
2001-05-31,37,20,14,13,2,18
2001-06-07,37,24,45,30,43,11
2001-06-14,16,1,24,5,45,3
2001-06-21,1,39,17,25,26,15
2001-06-28,44,26,30,11,1,14
2001-07-05,41,24,1,21,2,5
2001-07-12,42,22,5,34,17,17
2001-07-19,9,24,8,22,37,6
2001-07-26,13,26,17,7,41,7
2001-08-02,41,13,42,17,36,7
2001-08-09,26,6,27,5,42,6
2001-08-16,21,4,31,2,37,11
2001-08-23,26,11,31,19,17,14
2001-08-30,33,3,5,25,24,5
2001-09-06,22,7,45,18,32,14
2001-09-13,27,37,9,28,10,11
2001-09-20,14,44,36,20,10,5
2001-09-27,23,1,18,22,32,15
2001-10-04,18,8,35,14,9,3
2001-10-11,34,23,12,20,28,19
2001-10-18,22,23,7,34,27,20
2001-10-25,34,42,35,20,29,13
2001-11-01,14,35,40,28,15,10
2001-11-08,39,37,2,8,38,9
2001-11-15,14,35,24,32,45,16
2001-11-22,35,14,7,23,19,17
2001-11-29,4,19,44,17,36,1
2001-12-06,5,30,42,18,22,7
2001-12-13,35,12,25,33,40,18
2001-12-20,22,44,30,1,32,17
2002-01-10,2,18,10,43,29,5
2002-01-17,19,4,38,29,32,5
2002-01-24,37,8,1,11,10,12
2002-01-31,41,28,30,40,37,4
2002-02-07,4,38,2,8,39,11
2002-02-14,26,6,27,45,30,11
2002-02-21,4,11,32,8,36,2
2002-02-28,3,34,14,20,41,16
2002-03-07,40,24,12,38,27,20
2002-03-14,20,14,15,34,40,13
2002-03-21,29,32,22,33,42,19
2002-03-28,41,26,17,24,6,20
2002-04-04,40,12,26,28,11,11
2002-04-11,22,28,1,10,17,9
2002-04-18,6,3,7,4,18,15
2002-04-25,40,16,36,22,44,10
2002-05-02,36,37,32,25,24,18
2002-05-09,9,4,42,22,44,11
2002-05-16,23,10,12,36,25,11
2002-05-23,4,32,33,13,23,3
2002-05-30,40,8,25,10,18,5
2002-06-06,29,18,31,43,36,12
2002-06-13,4,44,35,18,24,7
2002-06-20,23,5,19,34,36,12
2002-06-27,8,35,16,21,18,14
2002-07-04,7,25,19,42,4,5
2002-07-11,36,10,20,30,24,5
2002-07-18,9,31,34,33,26,17
2002-07-25,36,22,37,17,39,11
2002-08-01,39,32,3,18,23,8
2002-08-08,44,4,24,8,37,1
2002-08-15,37,31,26,42,27,18
2002-08-22,30,21,26,42,40,20
2002-08-29,10,15,42,41,24,10
2002-09-05,19,29,7,9,20,9
2002-09-12,10,44,37,19,22,17
2002-09-19,45,29,28,38,22,6
2002-09-26,8,13,7,42,45,2
2002-10-03,35,41,43,7,28,6
2002-10-10,45,24,37,5,34,18
2002-10-17,37,14,6,26,22,8
2002-10-24,34,17,12,33,25,11
2002-10-31,27,37,14,45,23,8
2002-11-07,17,42,33,18,39,13
2002-11-14,16,29,26,31,30,8
2002-11-21,30,44,8,26,24,15
2002-11-28,27,30,21,3,19,2
2002-12-05,32,37,16,9,18,19
2002-12-12,29,25,17,9,43,15
2002-12-19,29,1,23,2,19,4
2002-12-27,34,11,10,25,26,13
2003-01-09,28,10,31,22,38,16
2003-01-16,37,32,43,38,40,3
2003-01-23,20,8,2,36,33,4
2003-01-30,16,21,42,7,4,15
2003-02-06,13,37,14,26,43,18
2003-02-13,42,36,15,12,38,14
2003-02-20,30,10,32,42,25,2
2003-02-27,43,28,15,2,41,11
2003-03-06,16,4,17,42,9,17
2003-03-13,20,30,33,24,43,1
2003-03-20,37,18,6,31,34,10
2003-03-27,45,2,23,39,14,10
2003-04-03,8,37,7,40,20,4
2003-04-10,34,20,11,3,45,14
2003-04-17,13,27,7,17,33,18
2003-04-24,2,4,10,29,15,6
2003-05-01,18,22,37,2,35,19
2003-05-08,13,7,23,9,37,17
2003-05-15,19,25,26,43,6,16
2003-05-22,45,41,8,10,9,16
2003-05-29,43,26,22,42,6,3
2003-06-05,21,11,8,41,7,10
2003-06-12,17,29,2,37,3,2
2003-06-19,16,27,42,19,6,5
2003-06-26,40,27,41,18,2,14
2003-07-03,24,14,20,10,16,15
2003-07-10,6,11,1,35,2,6
2003-07-17,33,15,13,24,19,9
2003-07-24,32,40,24,23,29,20
2003-07-31,33,9,40,14,37,6
2003-08-07,11,29,40,37,27,18
2003-08-14,13,19,44,30,43,10
2003-08-21,23,21,34,2,13,6
2003-08-28,37,3,6,43,4,2
2003-09-04,44,41,33,30,3,17
2003-09-11,9,45,41,2,7,20
2003-09-18,11,1,39,35,34,7
2003-09-25,45,9,24,38,15,18
2003-10-02,25,43,30,20,33,19
2003-10-09,35,26,28,27,5,18
2003-10-16,32,41,20,13,18,13
2003-10-23,21,43,8,45,32,9
2003-10-30,5,45,26,19,24,2
2003-11-06,23,27,21,18,14,16
2003-11-13,15,34,17,23,16,9
2003-11-20,17,32,31,16,44,16
2003-11-27,14,19,34,33,18,16
2003-12-04,43,32,8,1,40,20
2003-12-11,9,16,21,20,37,15
2003-12-18,4,1,16,8,3,20
2003-12-24,1,19,42,18,38,18
2004-01-08,15,29,31,30,18,3
2004-01-15,6,23,27,16,8,18
2004-01-22,16,39,17,10,41,8
2004-01-29,42,31,18,28,14,14
2004-02-05,1,32,37,6,41,13
2004-02-12,1,18,26,24,15,3
2004-02-19,44,24,39,8,35,18
2004-02-26,4,28,10,22,31,12
2004-03-04,9,32,4,44,21,11
2004-03-11,27,4,9,22,3,17
2004-03-18,8,21,23,36,40,13
2004-03-25,16,29,37,26,43,16
2004-04-01,44,36,20,11,22,19
2004-04-08,34,3,12,21,7,16
2004-04-15,9,15,30,24,3,4
2004-04-22,8,40,32,24,44,20
2004-04-29,26,20,9,31,11,20
2004-05-06,42,43,25,20,24,15
2004-05-13,11,17,16,36,29,20
2004-05-20,26,28,20,37,1,5
2004-05-27,42,24,23,28,37,7
2004-06-03,38,11,15,20,16,9
2004-06-10,38,15,1,4,32,7
2004-06-17,31,20,23,2,45,12
2004-06-24,16,36,25,30,42,16
2004-07-01,27,18,26,29,36,6
2004-07-08,30,29,31,5,3,3
2004-07-15,12,5,25,13,40,16
2004-07-22,33,44,12,1,17,16
2004-07-29,11,42,25,31,41,9
2004-08-05,30,26,41,21,34,3
2004-08-12,16,19,15,24,2,1
2004-08-19,7,17,36,35,42,7
2004-08-26,37,40,41,25,34,14
2004-09-02,6,2,21,11,44,6
2004-09-09,34,20,38,13,26,8
2004-09-16,17,34,35,19,41,4
2004-09-23,21,5,14,30,29,17
2004-09-30,42,18,16,6,24,1
2004-10-07,35,43,37,28,10,7
2004-10-14,9,28,10,18,8,2
2004-10-21,45,41,43,32,20,6
2004-10-28,10,35,43,45,5,14
2004-11-04,18,9,31,27,5,3
2004-11-11,14,5,18,10,43,8
2004-11-18,9,5,25,19,11,13
2004-11-25,40,28,45,2,9,18
2004-12-02,23,11,33,44,27,11
2004-12-09,16,26,5,4,39,15
2004-12-16,41,1,33,8,9,18
2004-12-23,4,18,24,1,30,6
2005-01-06,41,22,12,9,21,5
2005-01-13,15,13,34,11,44,7
2005-01-20,5,7,32,10,25,12
2005-01-27,43,8,23,26,30,15
2005-02-03,20,8,45,14,7,6
2005-02-10,32,13,33,28,2,16
2005-02-17,42,18,4,43,32,19
2005-02-24,3,36,35,16,27,9
2005-03-03,4,30,13,39,36,8
2005-03-10,32,22,43,5,20,6
2005-03-17,7,25,2,22,42,2
2005-03-24,36,21,5,20,13,18
2005-03-31,12,2,13,29,19,3
2005-04-07,32,35,2,19,33,2
2005-04-14,19,14,36,13,9,8
2005-04-21,35,19,28,24,26,11
2005-04-28,26,6,32,41,45,7
2005-05-05,44,19,5,8,6,19
2005-05-12,40,38,43,32,36,7
2005-05-19,23,10,29,22,17,19
2005-05-26,40,45,31,43,27,17
2005-06-02,12,2,40,18,27,18
2005-06-09,16,19,37,36,10,4
2005-06-16,1,37,4,36,18,9
2005-06-23,9,41,8,37,21,3
2005-06-30,13,24,10,37,42,15
2005-07-07,29,14,21,36,16,14
2005-07-14,12,3,27,9,14,3
2005-07-21,45,1,2,32,12,2
2005-07-28,38,20,22,12,37,1
2005-08-04,18,10,44,15,14,1
2005-08-11,3,19,15,24,45,7
2005-08-18,32,13,28,6,27,17
2005-08-25,12,43,27,1,31,2
2005-09-01,18,44,42,4,26,10
2005-09-08,19,35,34,11,17,5
2005-09-15,15,32,30,2,33,16
2005-09-22,1,27,30,9,26,5
2005-09-29,12,20,29,17,43,11
2005-10-06,23,25,20,24,32,2
2005-10-13,20,14,31,37,45,8
2005-10-20,27,36,30,26,39,17
2005-10-27,30,16,45,43,32,3
2005-11-03,18,24,5,4,31,6
2005-11-10,43,33,28,10,35,7
2005-11-17,8,11,22,1,44,11
2005-11-24,44,39,34,40,37,12
2005-12-01,36,4,3,26,1,18
2005-12-08,41,44,22,6,31,13
2005-12-15,23,14,38,17,15,12
2005-12-22,37,39,3,30,38,9
2005-12-29,33,41,35,22,19,13
2006-01-05,3,19,5,41,32,3
2006-01-12,40,39,18,29,14,19
2006-01-19,45,30,26,41,11,6
2006-01-26,36,40,3,27,15,20
2006-02-02,27,26,8,43,37,4
2006-02-09,17,43,32,10,31,16
2006-02-16,13,23,44,21,14,2
2006-02-23,2,44,5,27,29,20
2006-03-02,19,37,9,29,13,1
2006-03-09,26,35,21,10,3,17
2006-03-16,17,30,33,25,9,1
2006-03-23,44,31,32,13,19,6
2006-03-30,33,41,4,1,15,10
2006-04-06,21,19,22,32,3,1
2006-04-13,6,9,25,37,22,2
2006-04-20,37,31,28,3,15,3
2006-04-27,34,30,1,19,35,2
2006-05-04,9,38,23,1,2,2
2006-05-11,2,9,7,30,15,10
2006-05-18,21,29,39,45,7,20
2006-05-25,28,41,15,27,44,8
2006-06-01,28,35,23,37,27,3
2006-06-08,12,20,13,33,38,11
2006-06-15,24,29,38,12,3,9
2006-06-22,2,27,5,1,19,11
2006-06-29,42,6,28,3,45,9
2006-07-06,13,27,14,31,35,12
2006-07-13,23,11,37,17,2,12
2006-07-20,37,40,26,44,13,11
2006-07-27,19,34,29,32,30,12
2006-08-03,23,30,40,16,5,13
2006-08-10,32,27,4,5,39,10
2006-08-17,14,35,10,22,17,6
2006-08-24,40,7,36,2,27,3
2006-08-31,41,31,18,19,8,16
2006-09-07,9,44,26,2,12,10
2006-09-14,40,27,7,2,6,8
2006-09-21,44,41,25,13,35,1
2006-09-28,29,34,22,28,41,9
2006-10-05,41,7,8,3,43,20
2006-10-12,43,16,7,39,4,5
2006-10-19,19,17,33,15,16,5
2006-10-26,35,18,12,10,21,1
2006-11-02,10,1,29,27,45,3
2006-11-09,33,30,7,31,28,10
2006-11-16,8,1,31,17,27,16
2006-11-23,39,36,37,8,42,20
2006-11-30,42,39,25,10,28,10
2006-12-07,23,34,20,21,29,10
2006-12-14,2,3,38,29,44,18
2006-12-21,8,11,37,40,42,13
2006-12-28,40,36,16,5,29,19
2007-01-04,3,43,41,2,39,13
2007-01-11,45,31,19,4,25,7
2007-01-18,31,42,7,39,23,4
2007-01-25,18,21,36,44,40,1
2007-02-01,13,11,36,31,6,9
2007-02-08,37,33,42,21,31,14
2007-02-15,3,32,19,12,24,19
2007-02-22,40,6,41,43,2,19
2007-03-01,28,16,7,33,2,20
2007-03-08,29,8,18,44,11,8
2007-03-15,24,9,12,22,34,6
2007-03-22,31,10,4,41,34,17
2007-03-29,31,4,28,14,34,20
2007-04-05,7,5,20,6,24,7
2007-04-12,37,13,31,38,32,9
2007-04-19,24,45,22,8,41,6
2007-04-26,4,14,35,17,12,11
2007-05-03,27,19,7,17,22,15
2007-05-10,8,44,18,10,22,1
2007-05-17,41,9,20,29,5,14
2007-05-24,35,11,27,40,45,18
2007-05-31,24,2,43,10,19,14
2007-06-07,18,42,2,5,10,17
2007-06-14,25,7,28,41,19,14
2007-06-21,29,2,19,6,42,8
2007-06-28,21,40,18,12,5,8
2007-07-05,10,17,14,20,28,18
2007-07-12,35,13,5,39,36,10
2007-07-19,8,23,42,22,37,3
2007-07-26,17,5,25,1,22,17
2007-08-02,36,12,3,28,5,8
2007-08-09,35,1,32,19,23,12
2007-08-16,44,31,34,45,37,7
2007-08-23,20,42,41,44,3,10
2007-08-30,13,44,34,22,20,20
2007-09-06,29,33,6,38,43,15
2007-09-13,29,25,40,5,26,3
2007-09-20,11,45,31,3,32,3
2007-09-27,3,20,19,13,39,17
2007-10-04,1,12,2,45,11,17
2007-10-11,17,11,44,25,13,3
2007-10-18,18,41,8,29,6,7
2007-10-25,23,12,40,35,38,11
2007-11-01,1,19,41,20,17,10
2007-11-08,30,41,6,10,8,12
2007-11-15,34,40,5,39,33,3
2007-11-22,25,26,40,21,11,14
2007-11-29,25,23,36,39,16,18
2007-12-06,33,6,38,34,19,3
2007-12-13,30,21,27,20,39,6
2007-12-20,35,15,16,29,43,15
2008-01-03,23,17,3,7,19,14
2008-01-10,33,1,32,30,16,19
2008-01-17,35,24,40,13,14,5
2008-01-24,21,15,40,5,44,12
2008-01-31,2,12,40,41,28,6
2008-02-07,7,30,23,22,42,14
2008-02-14,44,39,6,1,22,19
2008-02-21,27,22,41,32,2,10
2008-02-28,13,31,43,27,2,19
2008-03-06,16,7,29,12,22,11
2008-03-13,18,10,6,1,34,20
2008-03-20,43,14,22,17,15,12
2008-03-27,38,19,30,6,1,14
2008-04-03,13,28,2,20,24,7
2008-04-10,42,3,4,36,31,10
2008-04-17,23,26,32,10,9,5
2008-04-24,17,19,18,13,4,7
2008-05-01,3,39,18,8,26,11
2008-05-08,30,15,9,21,37,10
2008-05-15,22,25,11,23,16,15
2008-05-22,42,12,29,34,11,13
2008-05-29,3,38,35,23,10,19
2008-06-05,41,37,26,29,2,20
2008-06-12,14,39,27,44,2,15
2008-06-19,15,25,2,18,43,6
2008-06-26,5,12,27,11,19,9
2008-07-03,38,10,18,17,40,6
2008-07-10,6,38,17,13,37,5
2008-07-17,5,17,26,22,33,1
2008-07-24,37,28,11,1,6,9
2008-07-31,20,40,14,8,35,5
2008-08-07,13,34,43,11,24,5
2008-08-14,24,15,35,45,21,17
2008-08-21,31,27,37,9,7,16
2008-08-28,41,14,43,34,17,15
2008-09-04,7,15,40,19,29,1
2008-09-11,45,1,41,6,15,16
2008-09-18,7,34,15,17,5,3
2008-09-25,23,19,16,32,3,9
2008-10-02,17,5,8,25,26,13
2008-10-09,22,40,29,16,9,6
2008-10-16,17,28,44,25,40,8
2008-10-23,8,36,7,31,38,19
2008-10-30,35,28,39,45,2,1
2008-11-06,30,33,18,35,20,7
2008-11-13,41,15,25,36,10,3
2008-11-20,18,45,23,27,39,20
2008-11-27,20,27,18,19,39,17
2008-12-04,41,16,12,18,3,3
2008-12-11,29,35,40,21,42,3
2008-12-18,19,17,30,22,28,12
2008-12-24,35,33,45,41,38,4
2009-01-08,44,30,14,13,25,10
2009-01-15,3,7,27,28,23,17
2009-01-22,10,33,1,7,17,2
2009-01-29,12,15,44,13,29,5
2009-02-05,11,10,39,8,38,4
2009-02-12,20,33,41,31,40,13
2009-02-19,16,11,7,32,18,5
2009-02-26,3,2,5,38,29,3
2009-03-05,45,24,43,40,33,12
2009-03-12,39,34,16,22,15,10
2009-03-19,9,5,15,43,25,10
2009-03-26,35,3,40,43,2,17
2009-04-02,23,38,15,2,4,16
2009-04-09,42,45,27,4,36,11
2009-04-16,7,19,30,37,6,20
2009-04-23,22,37,25,14,30,17
2009-04-30,27,22,45,24,9,20
2009-05-07,11,43,40,33,6,9
2009-05-14,36,22,39,7,3,10
2009-05-21,42,14,3,20,27,1
2009-05-28,26,12,17,1,24,5
2009-06-04,5,2,35,27,22,14
2009-06-11,37,30,4,6,27,15
2009-06-18,45,8,12,25,5,5
2009-06-25,9,32,33,37,21,19
2009-07-02,5,3,6,30,44,19
2009-07-09,21,39,13,24,5,18
2009-07-16,16,7,30,17,42,19
2009-07-23,16,45,4,38,44,13
2009-07-30,1,5,13,4,11,16
2009-08-06,7,11,6,2,25,5
2009-08-13,6,9,34,36,22,14
2009-08-20,29,27,36,42,8,7
2009-08-27,13,1,6,40,25,17
2009-09-03,35,38,4,9,8,10
2009-09-10,4,21,6,29,33,10
2009-09-17,42,17,44,10,24,15
2009-09-24,34,33,29,11,44,13
2009-10-01,40,30,14,26,15,17
2009-10-08,19,20,45,39,32,20
2009-10-15,26,18,19,29,1,16
2009-10-22,3,9,45,41,35,7
2009-10-29,3,6,8,15,32,15
2009-11-05,26,14,25,3,43,10
2009-11-12,14,15,10,28,23,12
2009-11-19,33,13,10,16,45,4
2009-11-26,11,23,36,15,14,18
2009-12-03,40,20,29,24,14,13
2009-12-10,15,30,16,43,18,5
2009-12-17,6,32,15,37,13,9
2009-12-24,10,44,8,29,22,4
2009-12-31,5,33,10,45,26,14
2010-01-07,24,20,45,6,16,7
2010-01-14,10,8,25,23,20,17
2010-01-21,8,12,18,2,34,2
2010-01-28,8,40,30,44,21,10
2010-02-04,31,1,35,3,14,1
2010-02-11,22,13,43,28,6,14
2010-02-18,18,44,28,31,13,2
2010-02-25,16,5,33,9,24,4
2010-03-04,34,3,14,39,43,18
2010-03-11,14,39,29,26,22,4
2010-03-18,15,36,24,8,16,10
2010-03-25,17,1,24,4,2,10
2010-04-01,23,36,20,32,1,7
2010-04-04,29,32,43,33,40,17
2010-04-08,37,1,4,18,14,12
2010-04-11,39,8,16,35,18,18
2010-04-15,4,1,12,31,32,9
2010-04-18,7,4,41,19,38,1
2010-04-22,41,30,18,44,34,19
2010-04-25,37,14,39,5,28,17
2010-04-29,26,5,38,21,43,11
2010-05-02,18,24,7,29,11,3
2010-05-06,35,39,37,24,1,1
2010-05-09,43,15,14,12,13,17
2010-05-13,31,12,11,37,3,6
2010-05-16,5,7,43,26,14,11
2010-05-20,14,2,20,45,21,9
2010-05-23,21,26,18,12,9,20
2010-05-27,37,44,32,20,8,19
2010-05-30,2,5,35,14,41,17
2010-06-03,45,9,13,43,37,12
2010-06-06,43,26,22,10,23,14
2010-06-10,32,13,9,6,38,14
2010-06-13,8,31,5,38,20,13
2010-06-17,19,12,21,14,1,14
2010-06-20,7,37,16,2,21,5
2010-06-24,32,33,12,9,11,6
2010-06-27,37,21,14,3,18,20
2010-07-01,11,18,16,12,24,6
2010-07-04,7,25,33,1,11,9
2010-07-08,43,23,27,39,24,8
2010-07-11,9,5,11,37,44,7
2010-07-15,43,11,9,3,25,3
2010-07-18,45,19,3,11,37,5
2010-07-22,41,25,1,42,7,20
2010-07-25,27,13,45,33,41,13
2010-07-29,22,12,19,43,8,18
2010-08-01,44,21,8,42,16,3
2010-08-05,2,7,36,45,18,10
2010-08-08,10,15,39,6,26,6
2010-08-12,17,19,40,5,3,20
2010-08-15,16,44,4,18,1,11
2010-08-19,28,24,1,16,6,18
2010-08-22,44,23,29,16,4,5
2010-08-26,15,44,36,25,12,19
2010-08-29,22,15,8,19,43,4
2010-09-02,6,3,41,23,7,8
2010-09-05,16,7,40,9,27,5
2010-09-09,5,32,28,41,29,12
2010-09-12,5,18,35,13,30,5
2010-09-16,25,31,34,9,11,20
2010-09-19,40,18,45,44,2,9
2010-09-23,33,4,18,11,31,8
2010-09-26,25,36,41,11,34,16
2010-09-30,37,6,20,39,30,9
2010-10-03,30,29,14,24,10,20
2010-10-07,5,2,10,35,25,19
2010-10-10,5,23,9,20,44,11
2010-10-14,5,3,11,36,23,16
2010-10-17,22,7,21,17,20,16
2010-10-21,35,6,13,5,41,1
2010-10-24,11,9,41,3,7,19
2010-10-28,1,45,5,4,29,3
2010-10-31,27,12,21,35,20,14
2010-11-04,16,8,39,9,41,19
2010-11-07,12,2,39,1,34,19
2010-11-11,32,5,40,34,4,1
2010-11-14,20,28,31,22,4,5
2010-11-18,18,8,19,30,28,17
2010-11-21,45,31,34,16,27,10
2010-11-25,33,35,2,23,21,3
2010-11-28,23,5,19,3,25,14
2010-12-02,24,43,33,44,45,2
2010-12-05,5,11,2,25,14,4
2010-12-09,6,20,4,13,30,12
2010-12-12,20,7,14,38,41,1
2010-12-16,20,19,44,41,23,11
2010-12-19,43,13,4,23,18,13
2010-12-23,11,9,2,40,18,8
2010-12-30,34,45,28,43,7,20
2011-01-06,33,44,17,9,23,17
2011-01-09,24,19,18,17,38,10
2011-01-13,40,17,28,8,6,4
2011-01-16,35,30,23,33,6,19
2011-01-20,13,25,18,3,34,14
2011-01-23,21,24,18,34,42,20
2011-01-27,21,31,2,19,30,18
2011-01-30,23,14,31,13,3,14
2011-02-03,29,22,17,37,14,7
2011-02-06,34,42,37,18,43,15
2011-02-10,16,2,11,19,20,9
2011-02-13,11,33,24,36,8,6
2011-02-17,16,28,37,3,35,19
2011-02-20,6,35,15,34,10,6
2011-02-24,17,21,23,20,13,5
2011-02-27,9,18,12,22,6,1
2011-03-03,43,37,29,6,23,10
2011-03-06,14,34,6,35,19,12
2011-03-10,29,31,33,2,44,1
2011-03-13,34,17,39,21,14,1
2011-03-17,2,40,30,39,3,20
2011-03-20,37,27,8,35,28,20
2011-03-24,11,29,44,1,9,4
2011-03-27,44,20,30,25,35,17
2011-03-31,40,45,11,44,31,7
2011-04-03,17,30,19,9,11,17
2011-04-07,34,8,28,24,26,10
2011-04-10,13,44,37,20,23,2
2011-04-14,2,34,43,8,36,11
2011-04-17,4,30,28,26,1,17
2011-04-21,10,45,11,3,18,19
2011-04-24,10,22,4,40,19,8
2011-04-28,10,44,19,21,32,8
2011-05-01,43,16,32,41,34,5
2011-05-05,12,39,4,33,15,14
2011-05-08,13,20,16,27,10,15
2011-05-12,6,40,8,28,30,12
2011-05-15,26,10,17,41,4,4
2011-05-19,11,36,20,43,1,2
2011-05-22,4,28,41,15,39,18
2011-05-26,9,22,2,44,45,16
2011-05-29,31,24,36,6,14,3
2011-06-02,5,17,20,15,21,5
2011-06-05,10,44,4,33,24,19
2011-06-09,45,28,16,15,2,9
2011-06-12,7,6,3,4,36,5
2011-06-16,23,3,41,44,7,7
2011-06-19,31,40,9,16,8,5
2011-06-23,30,20,41,9,2,4
2011-06-26,17,10,9,22,4,3
2011-06-30,27,5,44,12,6,16
2011-07-03,43,11,8,2,32,6
2011-07-07,29,4,45,25,36,17
2011-07-10,8,23,33,27,39,4
2011-07-14,9,14,35,34,32,16
2011-07-17,13,16,37,28,25,6
2011-07-21,31,18,45,3,23,3
2011-07-24,13,28,37,42,33,9
2011-07-28,44,31,28,34,16,12
2011-07-31,41,33,13,9,34,11
2011-08-04,12,4,25,30,8,7
2011-08-07,42,2,19,18,15,3
2011-08-11,3,12,21,32,16,10
2011-08-14,25,31,6,33,39,20
2011-08-18,6,7,29,30,27,11
2011-08-21,34,39,27,44,17,2
2011-08-25,11,21,23,16,42,13
2011-08-28,28,19,16,4,41,19
2011-09-01,7,3,12,25,13,12
2011-09-04,29,36,44,32,33,8
2011-09-08,27,13,39,17,33,14
2011-09-11,8,26,27,32,7,14
2011-09-15,7,39,16,40,23,6
2011-09-18,25,30,18,19,8,16
2011-09-22,13,4,31,43,2,2
2011-09-25,36,31,1,13,32,12
2011-09-29,23,38,24,1,32,20
2011-10-02,12,43,11,18,27,10
2011-10-06,5,12,14,4,1,20
2011-10-09,36,6,23,41,18,12
2011-10-13,16,29,24,26,8,3
2011-10-16,39,37,1,36,15,9
2011-10-20,4,3,31,23,20,10
2011-10-23,41,33,25,42,21,16
2011-10-27,41,8,23,25,33,3
2011-10-30,16,37,3,29,9,9
2011-11-03,5,27,36,41,40,8
2011-11-06,3,40,18,21,30,20
2011-11-10,31,5,34,8,23,9
2011-11-13,7,1,35,25,18,5
2011-11-17,35,42,24,17,28,7
2011-11-20,15,8,33,7,4,15
2011-11-24,11,6,37,16,30,20
2011-11-27,8,3,4,7,14,12
2011-12-01,13,24,20,32,31,5
2011-12-04,40,4,13,1,29,20
2011-12-08,1,36,18,33,32,1
2011-12-11,37,3,6,21,2,14
2011-12-15,3,44,20,27,14,10
2011-12-18,17,31,29,18,6,7
2011-12-22,44,22,31,19,13,10
2011-12-30,11,41,38,22,19,11
2011-12-30,22,38,29,40,9,13
2012-01-05,12,8,40,28,26,17
2012-01-08,23,26,34,31,4,6
2012-01-12,34,33,26,27,16,4
2012-01-15,42,43,11,45,17,13
2012-01-19,16,22,7,21,40,13
2012-01-22,24,10,18,12,16,13
2012-01-26,22,28,32,2,40,6
2012-01-29,37,20,4,26,7,7
2012-02-02,23,6,29,4,22,11
2012-02-05,8,30,9,26,17,13
2012-02-09,23,39,11,1,22,19
2012-02-12,35,37,7,39,12,8
2012-02-16,26,45,11,36,25,9
2012-02-19,28,37,34,33,6,14
2012-02-23,11,3,30,36,19,2
2012-02-26,31,40,30,13,5,7
2012-03-01,8,39,3,43,42,2
2012-03-04,35,5,29,28,19,2
2012-03-08,14,40,25,20,9,20
2012-03-11,16,44,32,23,34,18
2012-03-15,36,5,31,38,17,7
2012-03-18,36,26,27,30,5,17
2012-03-22,34,45,25,26,15,1
2012-03-25,33,14,17,26,11,1
2012-03-29,27,8,34,31,4,19
2012-04-01,1,45,36,6,13,13
2012-04-05,16,19,17,5,44,4
2012-04-08,28,24,5,4,30,15
2012-04-15,22,25,24,13,16,3
2012-04-15,29,38,31,20,24,10
2012-04-19,21,23,17,7,39,5
2012-04-22,26,13,21,43,9,13
2012-04-26,44,17,42,8,40,3
2012-04-29,30,31,6,1,2,15
2012-05-03,18,24,12,30,31,20
2012-05-06,6,45,30,37,44,17
2012-05-10,8,18,17,6,30,5
2012-05-13,42,11,45,34,28,10
2012-05-17,44,22,18,12,13,15
2012-05-20,8,43,25,35,45,4
2012-05-24,29,6,38,43,34,6
2012-05-27,18,25,14,36,33,4
2012-05-31,9,11,40,10,36,6
2012-06-03,6,13,18,8,25,2
2012-06-07,1,37,8,32,2,10
2012-06-10,45,17,35,37,3,15
2012-06-14,7,35,11,21,16,4
2012-06-17,40,14,44,37,45,11
2012-06-21,7,33,23,31,45,7
2012-06-24,45,40,20,18,16,15
2012-06-28,9,1,45,42,40,6
2012-07-01,1,17,38,29,19,12
2012-07-05,37,39,28,26,12,4
2012-07-08,13,8,23,5,15,12
2012-07-12,2,43,45,39,27,2
2012-07-15,44,22,32,41,43,8
2012-07-19,40,8,15,35,34,11
2012-07-22,37,6,4,23,26,3
2012-07-26,15,39,6,21,33,20
2012-07-29,4,17,45,1,5,18
2012-08-02,43,40,34,30,17,19
2012-08-05,34,2,1,30,11,12
2012-08-09,8,29,26,20,45,6
2012-08-12,19,17,45,5,21,1
2012-08-16,10,28,18,24,12,14
2012-08-19,15,3,7,35,23,4
2012-08-23,30,38,32,9,34,10
2012-08-26,8,37,16,27,42,11
2012-08-30,11,29,14,26,39,5
2012-09-02,34,35,23,42,18,15
2012-09-06,27,31,28,7,23,18
2012-09-09,22,3,33,12,13,7
2012-09-16,31,30,1,19,35,16
2012-09-16,3,29,1,10,35,1
2012-09-20,12,35,17,23,18,6
2012-09-23,4,9,10,18,38,1
2012-09-27,30,17,34,45,27,14
2012-09-30,14,28,5,8,22,1
2012-10-04,7,22,3,8,9,3
2012-10-07,7,25,3,8,39,15
2012-10-11,37,44,20,29,34,12
2012-10-14,35,33,37,3,20,7
2012-10-18,40,5,33,23,12,5
2012-10-21,32,26,18,25,22,12
2012-10-25,33,16,41,26,42,3
2012-10-28,41,16,36,21,5,10
2012-11-01,33,4,13,40,6,7
2012-11-04,35,33,40,34,26,16
2012-11-08,14,18,24,40,11,5
2012-11-11,8,5,20,33,17,4
2012-11-15,2,6,43,39,30,1
2012-11-18,23,36,39,1,17,14
2012-11-22,27,36,22,28,16,4
2012-11-25,30,43,15,29,24,10
2012-11-29,41,18,43,34,1,5
2012-12-02,22,8,37,33,29,20
2012-12-06,42,3,5,18,28,13
2012-12-09,18,37,16,39,43,19
2012-12-13,12,16,2,19,22,5
2012-12-16,37,17,26,36,44,2
2012-12-20,5,11,15,2,1,20
2012-12-23,44,38,6,29,43,15
2012-12-30,18,9,15,24,1,6
2012-12-30,16,39,33,2,22,18
2013-01-06,35,34,32,21,27,9
2013-01-10,7,19,20,37,3,2
2013-01-13,39,33,29,4,38,3
2013-01-17,37,31,3,13,15,4
2013-01-20,32,18,17,14,38,16
2013-01-24,18,32,1,35,23,6
2013-01-27,40,35,17,9,42,13
2013-01-31,15,19,13,10,29,20
2013-02-03,8,35,4,13,9,5
2013-02-07,35,12,9,10,41,20
2013-02-10,28,18,5,29,42,11
2013-02-14,27,32,44,45,23,5
2013-02-17,45,38,2,42,11,1
2013-02-21,3,35,39,38,9,18
2013-02-24,32,40,15,38,4,4
2013-02-28,40,23,39,13,18,14
2013-03-03,12,45,19,36,28,17
2013-03-07,12,17,32,44,37,6
2013-03-10,5,33,41,40,23,6
2013-03-14,28,6,9,10,40,2
2013-03-17,27,8,43,23,19,20
2013-03-21,15,26,30,32,1,2
2013-03-24,9,30,44,6,10,3
2013-03-28,5,8,34,18,25,12
2013-03-31,45,39,19,41,15,18
2013-04-04,20,45,36,3,19,4
2013-04-07,13,18,9,4,27,1
2013-04-11,45,10,9,42,22,19
2013-04-14,9,17,14,30,16,14
2013-04-18,4,39,13,37,36,10
2013-04-21,28,41,4,36,1,15
2013-04-25,2,30,13,38,34,12
2013-04-28,43,10,2,12,11,15
2013-05-05,44,3,38,33,27,17
2013-05-05,8,6,15,7,3,4
2013-05-09,15,16,11,23,22,9
2013-05-12,23,5,39,33,3,7
2013-05-16,30,39,41,19,38,6
2013-05-19,32,30,10,42,6,11
2013-05-23,39,32,14,1,13,14
2013-05-26,17,41,21,7,36,7
2013-05-30,26,21,17,23,30,10
2013-06-02,31,18,11,7,39,15
2013-06-06,23,45,20,9,11,5
2013-06-09,11,30,35,28,37,10
2013-06-13,18,2,1,30,32,4
2013-06-16,41,17,31,25,33,15
2013-06-20,13,25,20,28,36,6
2013-06-23,13,1,19,14,29,13
2013-06-27,25,7,33,9,30,11
2013-06-30,21,6,45,44,26,1
2013-07-04,16,2,17,14,15,7
2013-07-07,4,20,16,3,8,5
2013-07-11,36,20,5,37,15,1
2013-07-14,38,17,37,28,8,2
2013-07-18,32,39,40,13,22,13
2013-07-21,45,13,31,25,43,3
2013-07-25,11,41,20,38,27,7
2013-07-28,11,8,27,31,32,13
2013-08-01,5,33,32,30,20,4
2013-08-04,39,13,9,29,19,20
2013-08-08,7,33,28,20,12,2
2013-08-11,11,23,20,43,45,7
2013-08-15,9,40,30,8,24,18
2013-08-18,32,15,29,42,3,5
2013-08-22,17,29,28,4,40,14
2013-08-25,31,37,6,17,42,12
2013-08-29,5,11,42,20,28,10
2013-09-01,6,1,37,5,13,18
2013-09-05,14,22,16,32,25,16
2013-09-08,37,32,36,42,33,3
2013-09-15,36,14,32,43,9,9
2013-09-15,13,36,15,30,37,19
2013-09-19,6,25,32,13,29,20
2013-09-22,12,24,4,9,32,16
2013-09-26,4,39,30,6,10,17
2013-09-29,38,44,27,13,40,17
2013-10-03,24,15,45,29,28,16
2013-10-06,39,33,29,35,14,4
2013-10-10,24,45,17,29,10,4
2013-10-13,36,10,19,30,8,9
2013-10-17,32,31,28,4,22,10
2013-10-20,45,14,44,25,39,20
2013-10-24,7,19,15,2,11,13
2013-10-27,2,34,3,32,10,7
2013-10-31,9,7,18,19,39,3
2013-11-03,8,34,26,27,1,3
2013-11-07,20,29,33,7,44,7
2013-11-10,29,24,28,21,19,8
2013-11-14,22,2,28,11,21,15
2013-11-17,25,44,36,40,19,20
2013-11-21,42,19,6,38,18,2
2013-11-24,7,44,40,12,39,17
2013-11-28,31,30,18,25,28,13
2013-12-01,29,38,36,37,23,6
2013-12-05,6,23,35,17,30,19
2013-12-08,9,1,18,2,45,4
2013-12-12,26,16,21,41,8,19
2013-12-15,4,39,29,10,24,19
2013-12-19,43,12,42,30,15,14
2013-12-22,43,5,18,14,8,20
2013-12-30,8,23,42,43,40,19
2013-12-30,10,44,24,3,41,2
2014-01-05,28,30,2,37,45,16
2014-01-09,9,21,23,19,6,18
2014-01-12,42,10,25,21,36,2
2014-01-16,14,19,24,45,9,20
2014-01-19,16,11,2,40,9,10
2014-01-23,44,14,19,45,27,13
2014-01-26,1,10,20,4,23,9
2014-01-30,44,43,41,22,16,20
2014-02-02,10,17,29,7,45,5
2014-02-06,34,2,36,45,27,16
2014-02-09,10,29,24,5,25,13
2014-02-13,21,5,22,43,30,9
2014-02-16,31,34,21,30,19,7
2014-02-20,34,5,30,45,33,16
2014-02-23,11,1,39,24,13,5
2014-02-27,26,25,20,3,28,4
2014-03-02,24,45,32,27,19,11
2014-03-06,32,39,6,13,33,4
2014-03-09,38,45,20,41,39,2
2014-03-13,2,39,45,1,37,14
2014-03-16,22,45,32,35,38,17
2014-03-20,39,34,9,29,11,19
2014-03-23,23,31,19,34,43,6
2014-03-27,15,6,11,24,27,5
2014-03-30,38,44,20,26,16,15
2014-04-03,40,45,38,22,39,16
2014-04-06,18,15,43,45,4,2
2014-04-10,15,29,13,38,43,15
2014-04-13,39,32,16,29,27,20
2014-04-20,10,9,23,16,22,1
2014-04-20,44,18,35,5,19,11
2014-04-24,21,5,42,38,43,11
2014-04-27,17,42,4,44,37,2
2014-05-01,4,17,24,32,37,5
2014-05-04,15,28,42,37,25,12
2014-05-08,34,30,28,12,38,11
2014-05-11,1,16,40,30,26,3
2014-05-15,43,27,19,35,10,9
2014-05-18,26,20,41,14,27,16
2014-05-22,19,25,16,8,21,3
2014-05-25,38,45,24,42,1,10
2014-05-29,22,14,8,39,3,14
2014-06-01,4,2,3,7,30,4
2014-06-01,14,26,32,24,18,19
2014-06-08,35,33,36,45,40,5
2014-06-12,12,18,5,22,39,19
2014-06-15,35,19,20,22,25,12
2014-06-19,22,18,29,28,42,7
2014-06-22,33,31,7,45,34,13
2014-06-26,36,35,11,1,44,20
2014-06-29,13,15,30,3,45,18
2014-07-03,38,31,42,25,19,4
2014-07-06,22,1,4,28,33,10
2014-07-10,24,15,2,38,27,4
2014-07-13,42,6,7,8,20,10
2014-07-17,16,21,44,17,24,19
2014-07-20,8,1,21,43,37,9
2014-07-24,28,15,23,45,40,9
2014-07-27,23,15,24,5,44,3
2014-07-31,19,3,45,42,8,18
2014-08-03,40,23,34,36,21,20
2014-08-07,23,26,4,37,11,8
2014-08-10,14,21,10,42,35,12
2014-08-14,40,16,36,7,4,16
2014-08-17,42,35,44,4,31,3
2014-08-21,33,8,14,5,17,18
2014-08-24,45,11,44,17,4,8
2014-08-28,28,30,7,3,29,11
2014-08-31,4,29,22,41,27,9
2014-09-04,1,22,11,37,7,14
2014-09-07,31,14,8,12,40,17
2014-09-14,7,3,13,36,14,3
2014-09-14,38,27,15,25,43,6
2014-09-18,34,4,18,19,44,15
2014-09-21,34,33,17,10,4,2
2014-09-25,12,19,39,36,38,13
2014-09-28,15,32,40,37,23,14
2014-10-02,8,26,44,24,7,18
2014-10-05,5,37,19,42,7,18
2014-10-09,1,30,34,24,26,13
2014-10-12,37,7,27,26,1,14
2014-10-16,1,12,31,6,24,5
2014-10-19,12,25,44,29,41,2
2014-10-23,7,34,29,31,45,19
2014-10-26,1,30,43,9,40,18
2014-10-30,24,28,2,19,16,12
2014-11-02,28,10,40,23,5,5
2014-11-06,30,43,7,24,1,19
2014-11-09,15,40,25,45,43,11
2014-11-13,5,6,28,25,24,19
2014-11-16,29,41,21,9,35,13
2014-11-20,1,26,20,10,29,13
2014-11-23,25,18,14,29,36,4
2014-11-27,26,6,7,28,40,9
2014-11-30,2,5,26,8,24,7
2014-12-04,25,7,21,6,38,4
2014-12-07,9,13,32,22,28,7
2014-12-11,41,27,8,38,12,17
2014-12-14,11,29,9,13,6,14
2014-12-18,18,43,12,26,39,20
2014-12-21,23,13,43,21,45,1
2014-12-30,32,34,11,27,8,14
2014-12-30,43,27,38,8,15,10
2015-01-11,44,40,29,30,2,12
2015-01-15,5,41,2,22,39,3
2015-01-18,9,6,17,8,12,2
2015-01-22,1,30,40,17,29,3
2015-01-25,1,23,38,3,30,5
2015-01-29,7,36,31,44,4,4
2015-02-01,27,17,14,39,42,5
2015-02-05,6,26,40,3,10,19
2015-02-08,1,3,45,16,21,12
2015-02-12,11,26,24,6,17,7
2015-02-15,43,42,15,16,4,20
2015-02-19,24,39,42,22,5,12
2015-02-22,40,1,44,9,29,16
2015-02-26,30,23,28,36,17,13
2015-03-01,8,24,16,22,38,5
2015-03-01,20,38,41,22,32,11
2015-03-05,1,34,2,22,39,2
2015-03-08,45,41,21,17,33,14
2015-03-12,32,13,30,40,28,4
2015-03-15,10,7,20,12,23,6
2015-03-19,38,2,15,20,19,18
2015-03-22,10,18,34,42,32,17
2015-03-26,14,40,19,12,22,20
2015-03-29,6,12,14,19,24,15
2015-04-02,20,42,6,17,4,18
2015-04-05,2,23,25,29,27,10
2015-04-09,29,2,17,19,22,13
2015-04-12,26,8,44,20,37,5
2015-04-12,40,1,38,35,22,19
2015-04-16,21,34,6,26,38,16
2015-04-19,14,36,38,24,4,8
2015-04-23,45,35,39,34,15,4
2015-04-26,4,26,24,16,41,19
2015-04-30,35,9,25,27,16,19
2015-05-03,27,9,32,21,14,20
2015-05-07,30,26,20,34,24,5
2015-05-10,30,4,29,33,2,2
2015-05-14,6,15,14,26,23,19
2015-05-17,16,21,33,42,19,2
2015-05-21,31,16,5,9,3,17
2015-05-24,5,16,45,44,41,9
2015-05-28,16,36,11,29,28,13
2015-05-31,10,29,36,14,31,18
2015-06-04,1,23,3,9,25,11
2015-06-07,28,31,26,3,6,1
2015-06-11,10,9,39,19,4,19
2015-06-14,20,1,5,11,18,4
2015-06-18,31,16,28,44,39,15
2015-06-21,37,17,8,39,4,1
2015-06-25,43,38,3,26,2,17
2015-06-28,28,22,12,17,33,10
2015-07-02,8,18,40,14,4,8
2015-07-05,17,29,32,18,4,1
2015-07-09,28,8,6,2,12,16
2015-07-12,5,28,39,41,22,2
2015-07-16,27,29,10,32,3,7
2015-07-19,16,38,12,22,3,3
2015-07-23,3,40,37,20,16,1
2015-07-26,22,17,5,2,36,14
2015-07-30,21,23,26,16,41,9
2015-08-02,41,10,29,31,6,20
2015-08-06,21,34,30,5,45,17
2015-08-09,14,24,45,43,11,9
2015-08-13,6,24,42,7,38,20
2015-08-16,44,8,24,16,7,7
2015-08-20,18,14,43,2,5,7
2015-08-23,21,4,10,3,25,14
2015-08-27,20,41,37,27,30,18
2015-08-30,42,25,1,24,39,19
2015-09-03,18,7,43,45,22,7
2015-09-06,15,1,38,17,8,3
2015-09-13,43,18,16,23,6,16
2015-09-13,33,3,6,24,45,14
2015-09-17,30,27,3,36,33,6
2015-09-20,10,28,30,11,7,16
2015-09-24,29,28,45,41,20,15
2015-09-27,27,26,20,35,34,7
2015-10-01,30,2,43,12,17,13
2015-10-04,9,25,29,38,16,9
2015-10-08,12,44,39,22,35,8
2015-10-11,26,44,39,12,8,12
2015-10-15,45,6,13,30,12,6
2015-10-18,13,10,15,6,31,5
2015-10-22,39,41,25,27,37,16
2015-10-25,20,21,44,17,45,15
2015-10-29,34,40,38,8,20,14
2015-11-01,17,14,45,16,20,9
2015-11-05,28,18,37,44,3,4
2015-11-08,38,24,17,15,36,1
2015-11-12,17,1,21,15,42,16
2015-11-15,5,14,32,34,21,7
2015-11-19,22,7,38,13,1,20
2015-11-22,15,12,11,10,1,14
2015-11-26,23,1,30,34,6,6
2015-11-29,10,7,33,16,9,18
2015-12-03,36,10,37,24,15,6
2015-12-06,4,18,16,29,31,14
2015-12-10,23,41,9,1,22,8
2015-12-13,34,35,6,44,22,7
2015-12-17,3,17,15,10,9,7
2015-12-20,17,45,36,16,33,11
2015-12-30,4,3,40,1,2,13
2015-12-30,5,18,16,2,24,13
2016-01-07,33,17,20,22,4,16
2016-01-10,35,41,28,37,25,2
2016-01-14,33,3,28,41,32,3
2016-01-17,20,26,5,38,18,16
2016-01-21,27,2,4,10,11,9
2016-01-24,24,44,32,8,27,20
2016-01-28,5,42,36,8,11,11
2016-01-31,23,18,24,20,13,7
2016-02-04,26,23,44,9,40,1
2016-02-07,18,11,12,4,8,5
2016-02-11,2,33,40,17,38,9
2016-02-14,35,34,43,20,24,20
2016-02-18,19,41,25,34,24,20
2016-02-21,11,39,1,42,24,17
2016-02-25,45,5,8,41,14,15
2016-02-28,20,30,27,17,16,11
2016-03-03,33,8,14,10,3,2
2016-03-06,26,27,17,37,33,5
2016-03-06,22,26,35,8,19,18
2016-03-10,39,44,19,6,36,17
2016-03-13,7,29,42,20,17,7
2016-03-17,40,7,1,38,39,20
2016-03-20,31,23,33,42,44,16
2016-03-24,2,9,32,40,27,2
2016-03-27,28,30,9,32,42,18
2016-03-31,32,45,33,27,8,1
2016-04-03,19,29,3,17,37,4
2016-04-07,21,27,18,33,45,1
2016-04-10,24,25,3,40,39,16
2016-04-14,28,35,36,6,24,20
2016-04-17,14,43,20,30,24,3
2016-04-21,10,19,26,23,39,15
2016-04-24,28,20,23,3,24,11
2016-05-01,42,17,11,20,16,2
2016-05-01,44,24,15,41,5,2
2016-05-05,18,12,11,16,39,11
2016-05-08,11,41,37,34,7,6
2016-05-12,40,7,8,43,34,3
2016-05-15,35,37,13,41,31,1
2016-05-19,34,29,21,42,19,9
2016-05-22,38,34,37,35,17,11
2016-05-26,19,23,37,43,38,2
2016-05-29,36,11,6,18,10,7
2016-06-02,40,38,30,31,23,18
2016-06-05,3,28,36,23,45,5
2016-06-09,3,11,10,31,35,4
2016-06-12,6,45,3,21,40,2
2016-06-16,21,3,37,39,7,11
2016-06-19,10,2,41,16,19,9
2016-06-23,12,45,30,6,2,11
2016-06-26,11,40,7,20,17,10
2016-06-30,25,40,31,39,32,14
2016-07-03,4,41,43,17,29,14
2016-07-07,23,1,31,36,12,18
2016-07-10,7,38,36,31,6,12
2016-07-14,19,11,20,34,27,9
2016-07-17,42,14,28,22,36,9
2016-07-21,24,16,10,39,1,12
2016-07-24,12,33,32,45,4,19
2016-07-28,8,35,11,17,42,16
2016-07-31,8,45,2,42,5,16
2016-08-04,20,19,29,17,32,14
2016-08-07,24,41,33,15,16,5
2016-08-11,21,32,36,13,15,2
2016-08-14,35,21,19,11,34,9
2016-08-18,42,32,27,31,2,18
2016-08-21,3,20,32,8,4,6
2016-08-25,16,32,25,28,38,20
2016-08-28,23,27,20,6,16,3
2016-09-01,37,3,41,24,35,11
2016-09-04,23,4,32,18,24,16
2016-09-08,12,34,16,1,41,10
2016-09-11,43,34,31,24,2,2
2016-09-15,5,33,42,45,17,7
2016-09-18,40,24,22,23,20,11
2016-09-18,26,42,10,32,6,5
2016-09-22,25,12,39,16,13,6
2016-09-25,18,34,5,33,28,9
2016-09-29,24,31,3,13,10,5
2016-10-02,26,32,6,8,24,6
2016-10-06,16,45,39,1,22,5
2016-10-09,19,32,18,13,15,8
2016-10-13,38,16,2,1,43,1
2016-10-16,23,29,16,4,20,3
2016-10-20,22,23,39,18,34,4
2016-10-23,22,40,32,42,15,17
2016-10-27,30,39,24,20,9,14
2016-10-30,14,23,2,6,35,17
2016-11-03,5,2,32,31,43,10
2016-11-06,32,25,8,45,24,10
2016-11-10,7,11,43,9,35,2
2016-11-13,31,39,27,37,32,11
2016-11-17,10,29,7,11,8,12
2016-11-20,41,22,21,18,37,10
2016-11-24,39,5,17,2,25,1
2016-11-27,14,10,45,18,3,1
2016-12-04,41,29,21,22,45,3
2016-12-08,41,32,26,4,23,17
2016-12-11,15,6,9,5,3,1
2016-12-15,15,37,24,17,9,15
2016-12-18,1,2,12,41,31,17
2016-12-22,27,1,3,38,31,18
2016-12-31,17,34,31,36,24,7
2016-12-31,45,23,32,11,25,1
2017-01-05,7,38,12,31,42,10
2017-01-08,23,21,10,34,27,4
2017-01-12,7,22,5,6,44,13
2017-01-15,11,40,36,41,5,19
2017-01-19,41,43,44,2,15,20
2017-01-22,22,29,37,31,5,8
2017-01-26,21,7,28,34,23,15
2017-01-29,44,10,11,8,17,17
2017-02-02,20,31,16,38,15,14
2017-02-05,37,14,7,32,41,17
2017-02-09,12,21,9,10,33,5
2017-02-12,17,10,32,18,20,14
2017-02-16,41,10,27,37,20,18
2017-02-19,9,12,6,16,3,6
2017-02-23,23,10,4,39,13,8
2017-02-26,23,45,20,21,26,12
2017-03-02,27,30,9,31,16,6
2017-03-05,30,26,17,15,34,6
2017-03-05,33,4,36,22,17,2
2017-03-09,45,30,33,3,5,20
2017-03-12,28,4,10,16,23,17
2017-03-16,42,34,37,16,39,4
2017-03-19,3,21,37,13,19,16
2017-03-23,21,6,4,35,30,11
2017-03-26,3,38,27,9,24,14
2017-03-30,40,28,24,42,39,8
2017-04-02,41,31,15,28,18,19
2017-04-06,20,28,25,21,43,5
2017-04-09,23,17,16,37,28,10
2017-04-16,12,31,15,22,41,7
2017-04-16,10,9,2,33,31,1
2017-04-20,10,40,19,20,34,11
2017-04-23,8,15,12,25,30,8
2017-04-27,3,5,38,1,10,13
2017-04-30,28,31,26,40,4,5
2017-05-04,7,20,39,33,18,19
2017-05-07,38,33,15,41,23,6
2017-05-11,22,21,14,12,3,13
2017-05-14,5,37,15,10,16,4
2017-05-18,13,19,21,3,17,5
2017-05-21,12,18,39,42,19,6
2017-05-25,38,20,2,26,16,2
2017-05-28,40,14,27,28,34,17
2017-06-01,45,31,16,26,20,14
2017-06-04,45,31,6,5,15,8
2017-06-08,44,34,3,18,26,8
2017-06-11,36,33,30,44,26,1
2017-06-15,38,5,2,45,35,3
2017-06-18,38,25,40,1,37,11
2017-06-22,26,40,12,3,19,14
2017-06-25,20,2,31,22,40,19
2017-06-29,27,35,21,7,14,15
2017-07-02,2,45,9,13,15,7
2017-07-06,8,30,15,11,14,8
2017-07-09,37,20,42,7,26,10
2017-07-13,15,42,16,4,7,13
2017-07-16,45,34,21,35,10,2
2017-07-20,15,27,21,6,14,8
2017-07-23,6,39,37,16,20,16
2017-07-27,13,39,34,30,5,18
2017-07-30,4,15,19,33,38,16
2017-08-03,41,32,22,26,39,18
2017-08-06,21,32,4,40,23,9
2017-08-06,38,42,43,8,19,13
2017-08-10,33,19,13,39,34,11
2017-08-13,14,19,40,31,6,10
2017-08-17,15,45,8,17,14,18
2017-08-20,23,14,38,40,44,18
2017-08-24,11,14,43,4,7,19
2017-08-27,15,39,24,29,18,5
2017-08-31,35,8,36,6,16,12
2017-09-03,36,20,12,31,45,5
2017-09-07,20,12,40,31,10,18
2017-09-10,16,31,10,22,40,9
2017-09-17,20,39,40,29,36,16
2017-09-17,27,20,35,5,13,17
2017-09-21,19,21,27,14,18,4
2017-09-24,4,35,24,41,25,5
2017-09-28,17,1,4,8,44,19
2017-10-01,32,30,33,28,21,13
2017-10-05,2,12,31,10,29,6
2017-10-08,40,3,5,4,29,8
2017-10-12,32,43,42,3,37,8
2017-10-15,32,21,22,24,42,2
2017-10-19,16,19,3,25,6,12
2017-10-22,42,19,11,32,4,8
2017-10-26,21,43,37,1,36,9
2017-10-29,21,41,27,42,20,10
2017-11-02,6,38,23,20,10,9
2017-11-05,29,19,3,5,10,14
2017-11-09,29,8,15,20,1,7
2017-11-12,21,29,7,40,2,10
2017-11-16,22,9,45,10,20,15
2017-11-19,16,17,33,11,22,6
2017-11-23,43,41,17,18,29,1
2017-11-26,12,6,33,7,35,5
2017-11-30,7,45,22,9,21,11
2017-12-03,5,44,19,21,7,14
2017-12-07,9,29,31,12,10,11
2017-12-10,27,30,3,22,44,10
2017-12-14,5,21,8,42,33,17
2017-12-17,43,21,3,8,13,6
2017-12-21,36,29,35,9,30,14
2017-12-24,39,31,33,42,27,20
2017-12-31,41,14,7,31,37,2
2017-12-31,44,29,8,14,17,3
2018-01-04,33,12,42,7,30,8
2018-01-07,42,8,1,41,2,19
2018-01-11,22,20,12,42,15,12
2018-01-14,29,40,43,13,35,9
2018-01-18,13,24,40,35,34,20
2018-01-21,43,9,16,36,32,8
2018-01-25,8,12,33,1,38,1
2018-01-28,16,28,6,5,32,4
2018-02-01,26,34,2,28,11,14
2018-02-04,35,16,36,26,39,9
2018-02-08,21,41,42,37,44,20
2018-02-11,12,33,17,30,2,5
2018-02-15,45,44,2,32,10,6
2018-02-18,28,12,20,2,35,7
2018-02-22,29,19,26,4,35,13
2018-02-25,10,37,24,15,25,13
2018-03-01,44,40,39,3,32,20
2018-03-04,39,34,21,10,30,4
2018-03-04,38,1,25,30,7,7
2018-03-08,35,45,13,4,24,2
2018-03-11,37,8,41,22,38,3
2018-03-15,6,5,3,25,21,17
2018-03-18,6,24,27,23,10,1
2018-03-22,34,5,20,23,29,7
2018-03-25,21,45,28,16,23,4
2018-03-29,34,3,1,29,20,6
2018-04-01,15,21,41,5,12,8
2018-04-08,40,21,37,26,42,6
2018-04-08,28,10,34,41,14,19
2018-04-12,39,37,16,44,6,5
2018-04-15,13,44,5,42,43,6
2018-04-19,27,10,19,14,32,2
2018-04-22,6,31,7,3,12,7
2018-04-26,10,44,3,20,16,3
2018-04-29,32,30,12,11,19,11
2018-05-03,31,15,38,32,44,5
2018-05-06,11,27,6,4,41,5
2018-05-10,4,18,12,14,9,7
2018-05-13,4,35,18,8,1,2
2018-05-17,13,35,17,24,6,5
2018-05-20,35,28,1,24,3,9
2018-05-24,28,41,42,17,43,5
2018-05-27,30,42,3,25,28,4
2018-05-31,31,41,35,21,22,20
2018-06-03,28,34,18,29,22,1
2018-06-07,5,4,35,36,31,20
2018-06-10,40,39,16,2,7,16
2018-06-14,1,34,35,27,3,7
2018-06-17,31,8,3,33,45,5
2018-06-21,22,20,25,12,36,15
2018-06-24,35,9,30,17,7,5
2018-06-28,11,35,7,25,20,4
2018-07-01,7,31,40,45,22,17
2018-07-05,12,4,25,30,6,15
2018-07-08,26,31,6,23,18,8
2018-07-12,34,31,33,9,18,5
2018-07-15,41,23,3,18,2,18
2018-07-19,31,8,28,22,40,7
2018-07-22,2,8,41,28,40,8
2018-07-26,34,10,26,25,36,19
2018-07-29,30,13,14,36,5,15
2018-08-02,1,12,45,38,23,20
2018-08-05,3,20,1,25,12,10
2018-08-09,26,28,40,21,24,5
2018-08-12,29,38,45,4,25,11
2018-08-16,5,31,26,42,30,13
2018-08-19,45,30,7,31,9,6
2018-08-23,3,37,16,8,34,9
2018-08-26,12,28,17,45,42,17
2018-08-30,39,5,7,15,29,8
2018-09-02,19,31,8,33,17,14
2018-09-06,27,10,2,43,12,1
2018-09-09,13,14,1,35,25,10
2018-09-13,32,2,20,40,41,4
2018-09-16,2,37,34,15,21,4
2018-09-16,21,12,18,28,32,13
2018-09-20,12,24,31,6,34,18
2018-09-23,24,22,40,39,27,17
2018-09-27,11,26,32,23,44,9
2018-09-30,40,32,41,2,38,3
2018-10-04,31,44,41,20,25,5
2018-10-07,21,3,42,34,4,9
2018-10-11,34,1,6,26,10,14
2018-10-14,6,18,29,32,17,8
2018-10-18,19,20,38,40,10,16
2018-10-21,35,5,43,21,9,7
2018-10-21,4,7,19,26,31,9
2018-10-25,25,13,15,11,37,17
2018-10-28,17,24,42,44,13,6
2018-11-01,16,44,9,27,36,2
2018-11-04,44,40,27,10,35,12
2018-11-08,32,22,6,42,36,3
2018-11-11,25,18,37,39,32,13
2018-11-15,24,20,4,25,39,3
2018-11-18,9,38,8,6,3,15
2018-11-18,28,40,18,43,16,20
2018-11-22,6,15,45,32,41,16
2018-11-25,25,27,3,1,8,2
2018-11-29,39,37,43,44,2,5
2018-12-2,17,4,37,16,27,2
2018-12-2,17,27,26,23,30,15
2018-12-6,37,36,18,39,7,3
2018-12-9,38,14,37,12,19,20
2018-12-13,32,6,25,24,42,6
2018-12-16,43,31,22,9,23,7
2018-12-20,18,45,21,20,37,15
2018-12-23,45,2,21,3,10,20
2018-12-31,39,4,13,32,20,3
2019-01-06,8,20,42,38,22,17
2019-01-10,18,38,43,45,11,2
2019-01-13,29,44,27,6,40,19
2019-01-17,39,3,32,27,30,3
2019-01-20,11,33,10,6,12,3
2019-01-24,36,13,45,31,12,14
2019-01-27,17,3,7,28,38,15
2019-01-31,25,6,43,5,2,4
2019-02-03,21,22,14,7,43,19
2019-02-07,1,41,5,2,22,6
2019-02-10,44,30,17,3,24,6
2019-02-14,43,3,41,27,15,19
2019-02-17,4,3,13,43,11,16
2019-02-21,1,37,13,23,5,2
2019-02-24,30,6,27,13,20,11
2019-02-28,29,3,39,14,33,6
2019-03-03,42,18,33,12,34,4
2019-03-07,18,15,40,13,3,6
2019-03-10,16,27,22,6,43,4
2019-03-14,28,39,33,1,45,8
2019-03-17,9,14,12,10,4,7
2019-03-21,35,29,11,14,4,6
2019-03-24,13,4,22,35,39,4
2019-03-28,26,10,15,16,14,18
2019-03-31,40,21,16,18,17,2
2019-04-04,21,5,24,16,13,8
2019-04-07,29,21,34,1,39,2
2019-04-11,17,37,27,4,35,3
2019-04-14,40,13,39,34,25,10
2019-04-18,14,33,26,9,28,5
2019-04-21,16,13,33,44,39,8
2019-04-27,5,6,15,25,33,12
2019-04-27,22,6,21,5,45,3
2019-05-02,40,3,16,1,37,18
2019-05-05,14,5,11,25,18,18
2019-05-09,26,17,1,8,33,17
2019-05-12,7,4,42,27,19,12
2019-05-16,42,23,41,38,13,14
2019-05-19,3,28,44,19,14,13
2019-05-23,45,4,31,18,21,1
2019-05-26,1,8,18,12,24,18
2019-05-30,41,10,32,31,6,12
2019-06-02,33,20,3,21,34,18
2019-06-06,30,18,43,3,16,7
2019-06-09,34,11,21,40,43,2
2019-06-13,16,5,38,35,37,13
2019-06-16,10,27,4,37,36,12
2019-06-20,37,40,44,42,28,3
2019-06-23,11,21,12,2,3,19
2019-06-27,37,32,16,23,2,7
2019-06-30,4,7,13,40,44,19
2019-07-04,10,13,33,18,45,3
2019-07-07,22,5,38,4,24,4
2019-07-11,39,43,16,34,28,10
2019-07-14,45,16,10,35,31,18
2019-07-18,1,31,12,44,5,9
2019-07-21,36,9,29,26,40,11
2019-07-25,41,45,24,16,6,12
2019-07-28,28,45,24,40,33,5
2019-08-01,35,44,19,25,43,3
2019-08-04,6,20,7,9,8,4
2019-08-08,43,11,15,42,36,1
2019-08-11,24,23,4,18,32,9
2019-08-15,30,38,40,32,27,3
2019-08-18,13,6,4,1,28,3
2019-08-22,31,34,8,17,24,3
2019-08-25,17,14,37,41,26,7
2019-08-29,42,18,27,10,32,14
2019-09-01,25,22,19,4,10,9
2019-09-05,37,35,8,39,14,20
2019-09-08,27,3,32,2,11,14
2019-09-12,44,1,35,17,43,20
2019-09-15,16,43,23,24,20,16
2019-09-15,17,5,6,37,44,10
2019-09-19,10,6,35,21,43,7
2019-09-22,23,29,10,17,26,14
2019-09-26,31,10,15,7,5,16
2019-09-29,31,32,19,22,35,13
2019-10-3,37,24,8,40,20,12
2019-10-6,45,28,4,5,18,3
2019-10-10,45,31,33,30,7,9
2019-10-13,22,8,5,36,23,13
2019-10-17,1,40,13,19,25,10
2019-10-20,10,14,26,24,22,8
2019-10-24,31,14,21,5,23,13
2019-10-27,35,17,4,42,31,9
2019-10-31,25,35,5,45,34,9
2019-11-3,25,12,43,13,34,12
2019-11-7,41,6,34,19,32,13
2019-11-10,31,41,16,43,13,12
2019-11-14,5,11,35,4,18,13
2019-11-17,38,12,25,28,41,4
2019-11-21,3,26,17,4,27,1
2019-11-24,27,31,21,44,26,6
2019-11-28,8,14,38,36,29,7
2019-12-1,5,23,37,45,8,18
2019-12-1,12,38,25,42,7,20
2019-12-5,32,5,42,39,37,5
2019-12-8,11,17,27,14,28,5
2019-12-12,41,9,27,43,42,5
2019-12-15,27,11,18,45,4,5
2019-12-19,24,25,6,22,9,9
2019-12-22,14,28,38,39,19,2
2019-12-31,27,16,17,7,31,17
2019-12-31,2,44,27,12,33,5
2020-01-05,10,40,25,8,35,10
2020-01-09,1,27,22,21,12,8
2020-01-12,19,16,43,5,37,12
2020-01-16,33,37,6,18,34,9
2020-01-19,45,43,42,41,20,15
2020-01-23,4,10,14,1,11,20
2020-01-26,10,20,31,28,45,6
2020-01-30,18,10,7,30,24,11
2020-02-02,3,40,34,21,44,9
2020-02-06,25,2,39,8,43,9
2020-02-09,10,3,38,24,5,20
2020-02-13,27,43,22,12,42,13
2020-02-16,43,31,42,33,19,18
2020-02-20,35,19,41,16,20,12
2020-02-23,24,23,27,13,19,15
2020-02-27,8,10,43,7,18,10
2020-03-01,20,9,8,42,31,20
2020-03-05,16,4,43,36,5,7
2020-03-08,32,10,33,3,12,15
2020-03-08,27,36,23,42,9,17
2020-03-12,29,19,30,38,13,10
2020-03-15,29,3,24,20,7,4
2020-03-19,43,33,40,19,12,10
2020-06-21,9,36,27,21,3,8
2020-06-25,31,39,7,10,15,12
2020-06-28,11,38,29,10,36,3
2020-07-02,6,9,14,3,16,8
2020-07-05,44,36,1,6,16,19
2020-07-09,9,27,38,34,7,10
2020-07-12,9,25,24,30,14,16
2020-07-16,37,24,22,10,26,20
2020-07-19,3,28,13,29,17,7
2020-07-23,17,26,1,32,35,20
2020-07-26,45,3,9,1,29,19
2020-07-30,13,6,45,9,8,8
2020-08-02,32,42,39,20,4,19
2020-08-06,7,32,40,6,25,9
2020-08-09,16,25,35,5,42,16
2020-08-13,36,1,23,8,41,5
2020-08-16,23,28,11,35,18,18
2020-08-20,13,32,41,5,23,4
2020-08-23,30,3,41,7,18,14
2020-08-27,26,20,19,16,44,12
2020-08-30,11,25,13,9,31,1
2020-09-03,13,17,38,25,2,1
2020-09-06,10,34,23,32,8,4
2020-09-10,25,4,5,3,10,11
2020-09-13,42,32,41,18,22,6
2020-09-13,11,7,41,3,22,18
2020-09-17,33,2,28,30,5,12
2020-09-20,6,39,28,9,25,2
2020-09-24,18,1,35,44,22,16
2020-09-27,4,22,21,6,18,2
2020-10-1,9,41,14,3,45,11
2020-10-4,30,23,1,41,31,4
2020-10-8,3,35,12,44,38,13
2020-10-11,22,45,37,23,7,18
2020-10-15,25,15,31,3,2,18
2020-10-18,31,16,15,32,38,7
2020-10-22,29,43,42,34,8,13
2020-10-25,44,9,14,13,16,8
2020-10-29,32,7,5,29,14,14
2020-11-1,24,10,11,4,43,20
2020-11-5,8,22,34,2,5,6
2020-11-8,19,15,20,21,1,20
2020-11-12,29,28,21,9,3,10
2020-11-15,1,2,30,33,9,17
2020-11-19,44,9,6,32,10,16
2020-11-22,38,28,2,6,25,1
2020-11-26,10,24,37,30,28,1
2020-11-29,25,14,6,32,20,19
2020-12-3,33,25,44,17,28,1
2020-12-6,21,17,39,26,44,19
2020-12-6,30,15,34,42,8,20
2020-12-10,11,43,16,32,38,9
2020-12-13,38,8,15,27,34,11
2020-12-17,2,19,42,11,39,12
2020-12-20,35,42,2,28,30,6
2020-12-24,33,44,20,12,17,10
2020-12-31,18,21,13,23,36,17
2020-12-31,19,45,10,11,42,6
2021-01-03,17,21,33,27,10,16
2021-01-07,21,6,29,14,19,18
2021-01-10,10,36,14,38,39,11
2021-01-14,12,10,11,27,36,19
2021-01-17,32,6,29,45,8,2
2021-01-21,41,25,13,8,31,13
2021-01-24,40,35,23,19,28,19
2021-01-28,24,12,21,4,7,19
2021-01-31,5,45,44,1,4,9
2021-02-04,18,10,16,26,3,19
2021-02-07,15,40,20,41,3,11
2021-02-11,16,25,11,38,36,12
2021-02-14,13,25,11,44,18,17
2021-02-18,6,5,8,12,3,4
2021-02-21,12,22,18,26,31,4
2021-02-25,2,44,8,40,30,19
2021-03-07,14,18,1,31,24,2
2021-03-07,19,22,42,36,34,20
2021-03-11,45,16,4,18,1,5
2021-03-14,31,13,21,33,16,17
2021-03-18,13,33,23,6,20,8
2021-03-21,34,9,45,5,31,10
2021-03-25,12,27,29,16,23,9
2021-03-28,6,21,45,36,24,7
2021-04-01,2,3,23,25,10,1
2021-04-04,3,24,22,21,38,10
2021-04-08,39,33,4,40,36,7
2021-04-11,6,4,24,45,33,8
2021-04-15,20,28,32,33,27,4
2021-04-18,2,1,10,25,14,3
2021-04-22,9,44,41,1,12,2
2021-04-25,1,23,15,18,26,17
2021-05-01,3,5,20,9,41,13
2021-05-01,4,9,43,1,36,4
2021-05-06,13,40,5,16,7,3
2021-05-09,5,29,38,14,23,9
2021-05-13,39,36,45,21,15,19
2021-05-16,36,7,8,25,13,1
2021-05-20,2,33,27,9,31,1
2021-05-23,12,42,31,33,34,12
2021-05-27,28,24,27,7,39,10
2021-05-30,40,37,42,31,21,16
2021-06-03,45,10,14,11,37,7
2021-06-06,45,38,40,8,32,10
2021-06-10,24,26,40,29,1,14
2021-06-13,19,34,18,31,6,18
2021-06-17,30,24,16,17,22,19
2021-06-20,30,36,21,25,42,1
2021-06-24,26,6,39,9,33,5
2021-06-27,36,14,40,28,13,4
2021-07-01,17,8,43,20,29,14
2021-07-04,6,31,25,18,11,3
2021-07-08,24,3,29,43,15,6
2021-07-11,4,9,30,35,33,13
2021-07-15,4,7,38,3,24,12
2021-07-18,31,43,1,4,16,7
2021-07-22,24,42,20,30,25,14
2021-07-25,32,33,14,8,29,20
2021-07-29,21,1,34,3,43,10
2021-08-01,15,42,26,45,1,13
2021-08-05,1,24,26,28,27,7
2021-08-08,12,23,19,15,3,13
2021-08-12,28,6,11,21,40,18
2021-08-15,33,10,31,18,28,8
2021-08-19,13,17,25,23,16,8
2021-08-22,28,31,32,9,27,19
2021-08-26,37,21,6,5,29,18
2021-08-29,43,21,32,6,5,19
2021-09-02,29,43,1,28,36,3
2021-09-05,38,4,21,26,15,3
2021-09-09,12,45,36,11,44,6
2021-09-12,11,3,21,30,2,15
2021-09-12,14,38,40,3,28,10
2021-09-16,31,7,34,25,29,2
2021-09-19,23,3,38,7,15,19
2021-09-23,8,15,13,28,23,4
2021-09-26,16,3,2,43,6,20
2021-09-30,31,35,5,6,9,2
2021-10-03,4,44,41,37,9,10
2021-10-07,35,8,32,25,26,2
2021-10-10,19,40,2,23,12,16
2021-10-14,25,35,45,40,8,19
2021-10-17,20,32,33,5,31,4
2021-10-21,2,19,18,27,39,20
2021-10-24,6,45,23,22,17,13
2021-10-28,21,35,17,20,27,17
2021-10-31,28,27,1,24,10,12
2021-11-04,6,40,5,39,25,4
2021-11-07,14,42,13,40,3,8
2021-11-11,36,19,25,11,23,2
2021-11-14,3,20,23,5,14,17
2021-11-18,36,28,35,17,32,12
2021-11-21,28,43,11,32,18,10
2021-11-25,17,10,19,15,8,7
2021-11-28,31,11,17,16,2,6
2021-12-05,8,5,30,36,17,13
2021-12-05,25,43,11,33,20,15
2021-12-09,39,12,28,35,5,2
2021-12-12,45,31,14,6,4,16
2021-12-16,14,22,15,38,17,17
2021-12-19,8,21,27,44,3,7
2021-12-24,15,16,36,5,29,20
2021-12-31,42,37,17,28,18,2
2021-12-31,14,18,35,19,25,16
2022-01-06,41,28,16,39,20,1
2022-01-09,33,16,23,32,22,2
2022-01-13,3,36,19,18,1,19
2022-01-16,45,6,10,8,29,6
2022-01-20,30,15,2,35,29,10
2022-01-23,35,1,45,24,23,2
2022-01-27,10,21,43,15,20,11
2022-01-30,43,3,5,18,31,11
2022-02-03,38,19,28,1,12,3
2022-02-06,9,24,19,5,27,1
2022-02-10,24,28,29,37,32,8
2022-02-13,34,36,23,14,1,15
2022-02-17,38,1,34,25,28,6
2022-02-20,32,29,20,21,22,12
2022-02-27,15,7,27,31,32,6
2022-03-03,10,25,2,3,7,1
2022-03-06,7,45,4,3,2,7
2022-03-06,13,1,12,14,20,1
2022-03-10,20,7,1,45,24,17
2022-03-13,37,28,5,32,2,11
2022-03-17,3,6,41,29,24,9
2022-03-20,17,8,1,21,19,1
2022-03-24,4,41,22,11,33,8
2022-03-27,15,38,41,17,6,5
2022-03-31,14,22,30,20,12,9
2022-04-03,21,36,22,23,45,20
2022-04-07,39,19,13,3,36,9
2022-04-10,21,7,43,5,35,4
2022-04-14,42,40,8,4,10,10
2022-04-17,26,2,19,20,8,16
2022-04-23,35,37,44,13,3,3
2022-04-28,35,6,16,26,43,5
2022-05-01,38,10,14,45,16,11
2022-05-05,30,2,4,38,29,12
2022-05-08,8,41,28,36,21,16
2022-05-12,18,14,44,9,31,15
2022-05-15,26,42,35,20,13,12
2022-05-19,34,42,24,17,39,15
2022-05-22,20,23,37,24,35,19
2022-05-26,21,16,3,2,39,17
2022-05-29,45,44,21,10,39,8
2022-06-02,23,14,3,20,28,9
2022-06-05,22,10,28,17,19,7
2022-06-09,10,11,45,21,1,6
2022-06-12,34,43,25,23,31,19
2022-06-16,17,19,31,43,10,9
2022-06-19,14,23,15,10,36,16
2022-06-23,22,3,45,21,10,15
2022-06-26,7,25,26,12,18,2
2022-06-30,26,14,22,7,19,17
2022-07-03,28,2,7,20,5,9
2022-07-07,14,7,6,8,37,13
2022-07-10,2,4,39,26,20,7
2022-07-14,39,29,20,18,41,16
2022-07-17,43,40,33,7,4,16
2022-07-21,37,11,39,38,22,4
2022-07-24,22,5,13,23,20,19
2022-07-28,27,42,17,21,2,2
2022-07-31,14,44,28,31,25,13
2022-08-04,39,23,25,8,31,1
2022-08-07,41,8,45,3,34,7
2022-08-11,5,9,16,22,43,1
2022-08-14,9,1,41,13,3,2
2022-08-18,39,26,5,43,40,19
2022-08-21,8,32,1,43,5,11
2022-08-25,24,15,5,8,34,14
2022-08-28,31,18,39,20,13,2
2022-09-01,5,28,19,22,29,12
2022-09-04,21,40,16,38,44,6
2022-09-08,20,3,28,16,38,20
2022-09-11,2,42,37,3,44,1
2022-09-11,11,24,3,22,26,4
2022-09-15,17,34,15,3,33,9
2022-09-18,26,16,35,6,29,13
2022-09-22,16,1,26,25,43,15
2022-09-25,35,3,14,7,19,14
2022-09-29,14,33,38,28,26,20
2022-10-02,25,31,9,37,34,7
2022-10-06,40,5,28,7,36,10
2022-10-09,17,10,3,29,4,2
2022-10-13,14,31,24,39,12,13
2022-10-16,9,20,39,4,13,20
2022-10-20,29,34,42,16,45,10
2022-10-23,34,3,40,6,25,9
2022-10-27,25,6,15,8,34,1
2022-10-30,1,43,5,28,45,6
2022-11-03,28,26,42,15,36,15
2022-11-06,1,32,10,12,23,1
2022-11-10,40,38,13,44,31,10
2022-11-13,9,27,35,40,21,19
2022-11-17,16,27,4,26,29,16
2022-11-20,15,8,30,42,6,15
2022-11-24,45,1,28,8,39,17
2022-11-27,20,24,30,19,35,9
2022-12-04,8,19,41,17,18,8
2022-12-08,29,31,14,40,36,8
2022-12-11,28,27,13,19,2,19
2022-12-15,1,20,19,5,6,9
2022-12-18,1,28,44,8,29,15
2022-12-24,30,32,27,18,39,18
2022-12-31,3,35,30,16,11,19
2022-12-31,34,7,31,13,12,13
2023-01-05,10,26,21,36,35,18
2023-01-08,6,7,10,3,1,4
2023-01-12,7,44,20,37,3,13
2023-01-15,8,21,34,11,44,12
2023-01-19,6,9,38,14,45,12
2023-01-22,2,31,7,39,18,7
2023-01-26,44,19,14,2,20,11
2023-01-29,13,10,33,31,28,20
2023-02-02,16,13,2,3,7,15
2023-02-05,33,39,5,20,19,12
2023-02-09,28,19,30,9,20,9
2023-02-12,17,45,35,13,3,3
2023-02-16,19,44,36,20,4,20
2023-02-19,5,18,23,31,30,3
2023-02-23,37,15,6,8,11,17
2023-02-26,45,27,7,5,13,7
2023-03-02,11,8,38,7,31,9
2023-03-05,35,33,16,36,6,13
2023-03-09,30,18,43,22,14,16
2023-03-12,33,35,16,27,18,3
2023-03-12,29,6,43,28,23,17
2023-03-16,3,26,44,30,23,15
2023-03-19,45,6,10,15,2,19
2023-03-23,36,19,7,33,15,16
2023-03-26,5,25,3,28,29,12
2023-03-30,3,8,13,2,34,16
2023-04-02,27,22,24,35,40,10
2023-04-06,41,1,16,2,35,13
2023-04-09,29,23,10,20,2,18
2023-04-15,20,32,6,25,24,7
2023-04-15,19,44,5,40,3,18
2023-04-20,1,12,34,42,16,17
2023-04-23,24,33,12,26,16,8
2023-04-27,13,17,31,4,19,2
2023-04-30,14,36,23,7,16,15
2023-05-04,8,32,38,2,23,5
2023-05-07,10,42,18,23,19,4
2023-05-11,41,13,7,5,24,11
2023-05-14,18,12,2,28,14,10
2023-05-18,34,14,17,43,37,13
2023-05-21,14,32,31,38,22,7
2023-05-25,36,22,20,6,8,13
2023-05-28,31,12,1,13,8,14
2023-06-01,14,42,39,34,45,15
2023-06-04,37,32,45,17,29,2
2023-06-08,25,39,2,44,43,16
2023-06-11,19,14,41,34,21,4
2023-06-15,6,19,43,1,37,4
2023-06-18,18,3,45,10,44,11
2023-06-22,45,44,18,5,10,3
2023-06-25,1,4,29,11,45,15
2023-06-29,39,11,14,21,42,3
2023-07-02,42,1,6,34,45,17
2023-07-06,2,13,43,12,42,9
2023-07-09,17,18,30,26,37,19
2023-07-13,8,25,5,37,17,16
2023-07-16,25,16,23,28,36,2
2023-07-20,45,27,39,17,13,7
2023-07-23,33,1,13,8,10,20
2023-07-27,3,32,13,22,4,8
2023-07-30,17,26,23,4,41,20
2023-08-03,44,34,18,36,30,20
2023-08-06,2,34,27,44,45,20
2023-08-10,40,3,29,39,42,17
2023-08-13,28,36,39,11,34,3
2023-08-17,20,28,2,14,29,14
2023-08-20,44,7,41,40,30,11
2023-08-24,20,7,6,35,3,2
2023-08-27,22,7,33,4,34,16
2023-08-31,30,42,33,40,43,15
2023-09-03,23,27,43,14,29,14
2023-09-07,29,41,44,4,11,19
2023-09-10,44,25,13,23,39,6
2023-09-14,40,36,42,33,12,13
2023-09-17,3,11,26,12,8,6
2023-09-17,9,40,19,35,13,19
2023-09-21,30,34,7,28,10,6
2023-09-24,36,4,39,40,33,19
2023-09-28,11,33,9,20,35,16
2023-10-01,9,15,38,20,26,5
2023-10-05,22,8,32,34,10,19
2023-10-08,34,7,44,35,9,8
2023-10-12,3,17,4,5,19,4
2023-10-15,33,30,39,1,38,7
2023-10-19,37,42,27,7,36,4
2023-10-22,42,15,44,28,37,19
2023-10-26,42,34,21,23,36,12
2023-10-29,30,27,4,25,12,13
2023-11-02,38,12,8,44,7,12
2023-11-05,3,23,1,24,25,12
2023-11-09,29,27,35,15,6,16
2023-11-12,9,12,41,35,24,5
2023-11-16,3,2,4,39,28,17
2023-11-19,27,13,4,15,11,10
2023-11-23,27,41,2,26,36,11
2023-11-26,13,4,23,26,33,15
2023-12-03,4,12,14,19,29,6
2023-12-03,3,12,18,27,33,12
2023-12-07,12,29,10,16,37,17
2023-12-10,33,6,18,43,26,14
2023-12-14,19,5,2,44,29,14
2023-12-17,17,16,36,41,14,19
2023-12-21,16,29,1,9,24,8
2023-12-24,19,44,21,4,22,14
2023-12-31,13,43,35,37,6,18
2023-12-31,5,24,28,15,41,4
2024-01-04,3,14,26,41,7,8
2024-01-07,45,23,15,9,7,19
2024-01-11,30,27,37,24,28,10
2024-01-14,1,6,26,34,15,20
2024-01-18,32,18,17,3,15,17
2024-01-21,16,2,32,37,12,9
2024-01-25,22,33,26,12,15,15
2024-01-28,21,25,3,15,17,13
2024-02-01,35,7,15,23,26,8
2024-02-04,16,2,30,15,19,18
2024-02-08,25,19,39,32,34,17
2024-02-11,26,11,22,40,44,10
2024-02-15,43,19,23,17,31,2
2024-02-18,36,32,35,8,9,6
2024-02-22,23,27,26,7,33,10
2024-02-25,28,11,24,26,31,20
2024-02-29,1,18,21,29,14,13
2024-03-03,32,41,23,18,39,11
2024-03-07,29,27,7,6,8,18
2024-03-10,22,19,39,20,11,1
2024-03-10,29,20,4,2,37,14
2024-03-14,2,25,30,13,8,2
2024-03-17,35,11,10,33,7,12
2024-03-21,41,35,45,5,32,20
2024-03-24,28,3,26,45,10,2
2024-03-28,34,16,9,10,36,7
2024-03-31,26,28,24,20,32,13
2024-04-04,29,8,30,38,20,16
2024-04-07,33,18,19,25,10,16
2024-04-11,15,31,3,21,37,15
2024-04-14,22,39,18,19,36,9
2024-04-18,42,6,44,17,26,14
2024-04-21,26,14,11,1,12,18
2024-04-25,8,44,28,12,10,8
2024-04-28,35,37,24,34,27,2
2024-05-04,5,28,17,15,12,12
2024-05-04,41,40,34,15,2,12
2024-05-09,23,45,34,4,38,9
2024-05-12,5,14,8,37,40,7
2024-05-16,18,41,9,4,6,8
2024-05-19,6,19,33,28,45,15
2024-05-23,35,38,18,7,29,20
2024-05-26,38,32,45,28,9,8
2024-05-30,41,14,18,30,15,7
2024-06-02,34,24,13,1,23,3
2024-06-06,5,41,13,17,25,9
2024-06-09,13,31,28,32,29,18
2024-06-13,12,32,16,15,11,12
2024-06-16,24,19,37,22,6,16
2024-06-20,17,36,45,33,20,18
2024-06-23,1,36,28,16,10,16
2024-06-27,16,1,10,20,13,8
2024-06-30,9,26,41,1,7,1
2024-07-04,26,13,31,2,11,3
2024-07-07,8,39,40,12,20,2
2024-07-11,5,6,42,13,19,1
2024-07-14,43,7,36,23,45,10
2024-07-18,21,8,1,7,17,12
2024-07-21,12,41,14,36,9,9
2024-07-25,5,17,2,9,43,6
2024-07-28,17,25,36,13,35,13
2024-08-01,12,29,31,27,6,8
2024-08-04,35,42,3,12,30,3
2024-08-08,36,11,16,2,31,18
2024-08-11,5,37,7,10,40,16
2024-08-15,1,45,25,23,6,20
2024-08-18,30,26,1,36,29,13
2024-08-22,25,11,40,10,32,12
2024-08-25,28,45,18,27,15,20
2024-08-29,13,7,9,28,36,5
2024-09-01,17,35,41,44,45,16
2024-09-05,22,1,7,8,27,9
2024-09-08,9,35,45,33,27,5
2024-09-12,28,31,33,12,4,5
2024-09-15,17,41,14,23,16,6
2024-09-15,32,4,23,39,29,5
2024-09-19,15,40,33,19,41,6
2024-09-22,15,6,27,29,28,17
2024-09-26,29,20,27,31,36,4
2024-09-29,18,17,5,37,15,15
2024-10-03,15,25,22,31,17,10
2024-10-06,15,42,4,18,28,17
2024-10-10,19,4,22,12,35,8
2024-10-13,6,27,17,12,44,5
2024-10-17,6,30,23,26,7,7
2024-10-20,18,26,5,38,14,11
2024-10-24,24,1,17,39,36,15
2024-10-27,14,42,43,22,10,4
2024-10-31,14,30,38,44,2,2
2024-11-03,41,15,18,16,7,2
2024-11-07,26,13,30,16,38,7
2024-11-10,31,40,18,11,8,19
2024-11-14,14,5,13,45,6,4
2024-11-17,1,38,24,15,42,10
2024-11-21,11,43,13,39,21,6
2024-11-24,9,22,41,7,32,1
2024-11-28,38,7,36,6,5,3
2024-12-01,16,36,35,4,13,9
2024-12-01,37,44,29,11,20,7
2024-12-05,29,36,11,34,21,9
2024-12-08,44,24,3,1,13,9
2024-12-12,23,10,42,45,30,11
2024-12-15,2,37,30,19,35,15
2024-12-19,19,24,42,8,44,4
2024-12-22,22,24,10,15,37,20
2024-12-31,23,42,24,37,16,1
2024-12-31,38,25,17,7,23,17
2025-01-05,45,16,9,5,39,8
2025-01-09,39,29,44,5,34,14
2025-01-12,41,44,33,23,17,2
2025-01-16,8,42,33,34,16,6
2025-01-19,36,10,33,43,31,5
2025-01-23,2,31,29,33,1,15
2025-01-26,26,4,2,32,28,6
2025-01-30,14,24,30,18,37,8
2025-02-02,15,22,44,27,3,17
2025-02-06,16,45,9,6,19,7
2025-02-09,36,10,4,30,9,10
2025-02-13,18,6,28,23,45,14
2025-02-16,32,10,5,28,33,16
2025-02-20,6,29,16,7,33,10
2025-02-23,42,14,6,44,40,9
2025-02-27,8,23,30,38,32,7
2025-03-02,31,41,29,5,21,19
2025-03-06,33,3,41,38,37,19
2025-03-09,42,40,37,10,19,19
2025-03-09,25,6,32,16,33,19
2025-03-13,31,13,8,17,15,8
2025-03-16,23,6,5,3,8,7
2025-03-20,36,28,29,10,20,20
2025-03-23,13,5,43,41,18,1
2025-03-27,44,26,32,36,14,5
2025-03-30,35,5,22,4,16,1
2025-04-03,44,15,40,37,18,3
2025-04-06,13,43,35,21,33,17
2025-04-10,37,29,12,11,7,8
2025-04-13,16,40,18,32,29,8
2025-04-19,18,28,10,37,6,17
2025-04-19,35,9,3,8,34,3
2025-04-24,34,18,4,27,41,18
2025-04-27,6,28,43,37,15,18
2025-05-01,18,40,8,14,28,20
2025-05-04,24,35,21,5,45,11
2025-05-08,2,19,1,37,27,12
2025-05-11,43,39,35,38,31,1
2025-05-15,44,9,26,3,2,12
2025-05-18,30,26,44,3,27,13
2025-05-22,25,32,1,28,30,4
2025-05-25,19,34,12,15,11,10
2025-05-29,25,31,28,29,7,20
2025-06-01,41,24,36,28,10,4
2025-06-05,26,7,15,35,40,11
2025-06-08,29,44,8,7,12,15
2025-06-12,41,24,19,27,14,14
2025-06-15,43,27,4,30,13,4
2025-06-19,44,38,29,24,9,4
2025-06-22,10,16,42,22,38,16
2025-06-26,45,40,12,7,31,13
2025-06-29,16,26,35,18,21,19
2025-07-03,38,35,3,28,21,13
2025-07-06,45,42,14,26,4,4
2025-07-10,34,24,39,11,36,1
2025-07-13,18,17,24,42,39,9
2025-07-17,45,13,15,6,18,4
2025-07-20,7,24,29,1,33,13
2025-07-24,2,21,15,23,1,18
2025-07-27,21,31,8,38,22,15
2025-07-31,12,1,20,33,7,9
2025-08-03,35,14,26,41,24,6
2025-08-07,11,22,27,21,34,11
2025-08-10,37,44,5,36,8,18
2025-08-14,42,43,41,24,37,9
2025-08-17,23,12,25,35,17,14
2025-08-21,2,35,15,3,16,12
2025-08-24,34,20,40,32,29,5
2025-08-28,42,8,26,7,1,3
2025-08-31,40,6,20,19,1,3
2025-09-04,37,13,42,18,35,16
2025-09-07,12,6,41,43,4,5
2025-09-11,36,8,22,5,14,20
2025-09-14,32,38,5,29,34,12
2025-09-14,23,13,24,42,14,18